{
    "frame_flag": "",
    "frame_index": 252,
    "header": "Astyx Version_01_00",
    "objects": [
        {
            "center3d": [
                47.74,
                16.03,
                0.55
            ],
            "classname": "Car",
            "created_by": "g.kuschk",
            "dimension3d": [
                4.07,
                1.8,
                1.62
            ],
            "label_certainty": 1,
            "measured_by": {
                "Camera": 1,
                "Lidar": 1,
                "Radar": 1
            },
            "object_id": -1,
            "occlusion": 1,
            "orientation_quat": [
                0.6072974806230326,
                -0.04409015776442598,
                0.024581412867636786,
                0.7928692087341117
            ],
            "score": -1.0
        },
        {
            "center3d": [
                37.85,
                -15.33,
                2.46
            ],
            "classname": "Car",
            "created_by": "g.kuschk",
            "dimension3d": [
                4.06,
                1.8,
                1.5
            ],
            "label_certainty": 1,
            "measured_by": {
                "Camera": 1,
                "Lidar": 1,
                "Radar": 1
            },
            "object_id": -1,
            "occlusion": 1,
            "orientation_quat": [
                0.7149218500552922,
                -0.03534807421920415,
                0.009833242199387,
                0.6982410538706244
            ],
            "score": -1.0
        },
        {
            "center3d": [
                14.34,
                3.99,
                -0.45
            ],
            "classname": "Car",
            "created_by": "g.kuschk",
            "dimension3d": [
                3.3,
                1.8,
                1.5
            ],
            "label_certainty": 0,
            "measured_by": {
                "Camera": 1,
                "Lidar": 1,
                "Radar": 1
            },
            "object_id": -1,
            "occlusion": 0,
            "orientation_quat": [
                0.9993262177984634,
                -0.032152582451454886,
                -0.017691193526285346,
                -0.0005861176810310291
            ],
            "score": -1.0
        },
        {
            "center3d": [
                12.901204009681985,
                -0.30588702609226054,
                0.06631088231921309
            ],
            "classname": "Car",
            "created_by": "g.kuschk",
            "dimension3d": [
                4.041255746736868,
                1.9215484412583066,
                1.7519426118490802
            ],
            "label_certainty": 0,
            "measured_by": {
                "Camera": 1,
                "Lidar": 1,
                "Radar": 1
            },
            "object_id": -1,
            "occlusion": 0,
            "orientation_quat": [
                -0.9951316023237128,
                0.030431460630870624,
                0.020678469592973172,
                0.09142987015086736
            ],
            "score": -1.0
        },
        {
            "center3d": [
                13.332543634083185,
                -4.540851443522455,
                0.14099660584958695
            ],
            "classname": "Car",
            "created_by": "g.kuschk",
            "dimension3d": [
                3.5031810670020276,
                1.6608697830347119,
                1.5
            ],
            "label_certainty": 0,
            "measured_by": {
                "Camera": 1,
                "Lidar": 1,
                "Radar": 1
            },
            "object_id": -1,
            "occlusion": 0,
            "orientation_quat": [
                0.992724157593421,
                -0.029920574040562278,
                -0.021245637089440866,
                -0.11468273228424422
            ],
            "score": -1.0
        },
        {
            "center3d": [
                41.08,
                -16.44,
                3.77
            ],
            "classname": "Truck",
            "created_by": "g.kuschk",
            "dimension3d": [
                9.8,
                2.7,
                3.3
            ],
            "label_certainty": 1,
            "measured_by": {
                "Camera": 1,
                "Lidar": 1,
                "Radar": 1
            },
            "object_id": -1,
            "occlusion": 1,
            "orientation_quat": [
                0.6792009557080343,
                -0.034818498318782726,
                0.011580311686109918,
                0.733034535558435
            ],
            "score": -1.0
        }
    ]
}