{
    "frame_flag": "",
    "frame_index": 209,
    "header": "Astyx Version_01_00",
    "objects": [
        {
            "center3d": [
                41.68872909624302,
                0.3687779362674022,
                1.3171279873761335
            ],
            "classname": "Car",
            "created_by": "unknown",
            "dimension3d": [
                4.0,
                1.8,
                1.5
            ],
            "label_certainty": 0,
            "measured_by": {
                "Camera": 1,
                "Lidar": 1,
                "Radar": 1
            },
            "object_id": -1,
            "occlusion": 0,
            "orientation_quat": [
                0.9993238561626687,
                -0.03220376481233006,
                -0.017600404388883894,
                0.002230202106041638
            ],
            "score": -1.0
        },
        {
            "center3d": [
                46.108253851334894,
                5.148774789440733,
                1.2595628281520317
            ],
            "classname": "Car",
            "created_by": "unknown",
            "dimension3d": [
                4.0,
                1.8,
                1.5783459484512303
            ],
            "label_certainty": 0,
            "measured_by": {
                "Camera": 1,
                "Lidar": 1,
                "Radar": 1
            },
            "object_id": -1,
            "occlusion": 0,
            "orientation_quat": [
                0.02162383614612427,
                0.017353436981311525,
                -0.05053808436153735,
                -0.9983372025344581
            ],
            "score": -1.0
        },
        {
            "center3d": [
                36.99568816872468,
                -7.259239396927871,
                1.7965584713416107
            ],
            "classname": "Car",
            "created_by": "unknown",
            "dimension3d": [
                3.9137979299290255,
                1.8,
                1.5
            ],
            "label_certainty": 0,
            "measured_by": {
                "Camera": 1,
                "Lidar": 1,
                "Radar": 1
            },
            "object_id": -1,
            "occlusion": 0,
            "orientation_quat": [
                0.7138481445850521,
                -0.039421742244817065,
                0.014043759378150793,
                0.6990490151150995
            ],
            "score": -1.0
        }
    ]
}