{
    "frame_flag": "",
    "frame_index": 150,
    "header": "Astyx Version_01_00",
    "objects": [
        {
            "center3d": [
                24.356055586683116,
                8.133184718816416,
                0.043274531773701
            ],
            "classname": "Person",
            "created_by": "g.kuschk",
            "dimension3d": [
                0.5,
                0.7,
                1.8
            ],
            "label_certainty": 0,
            "measured_by": {
                "Camera": 1,
                "Lidar": 1,
                "Radar": 1
            },
            "object_id": -1,
            "occlusion": 0,
            "orientation_quat": [
                0.9990465311984655,
                -0.03173021801422311,
                -0.018428834689046297,
                -0.023655862213986023
            ],
            "score": -1.0
        }
    ]
}