{
    "frame_flag": "",
    "frame_index": 274,
    "header": "Astyx Version_01_00",
    "objects": [
        {
            "center3d": [
                12.462637507928,
                5.9756010566648285,
                -0.7089541390049208
            ],
            "classname": "Car",
            "created_by": "s.moeller",
            "dimension3d": [
                3.7019724760443378,
                1.773,
                1.4536806488188434
            ],
            "label_certainty": 0,
            "measured_by": {
                "Camera": 1,
                "Lidar": 1,
                "Radar": 1
            },
            "object_id": -1,
            "occlusion": 0,
            "orientation_quat": [
                0.9219064697050664,
                -0.032523874609356636,
                -0.007428707208490144,
                0.3859734097130875
            ],
            "score": -1.0
        }
    ]
}