{
    "frame_flag": "",
    "frame_index": 26,
    "header": "Astyx Version_01_00",
    "objects": [
        {
            "center3d": [
                23.33,
                1.51,
                0.67
            ],
            "classname": "Car",
            "created_by": "g.kuschk",
            "dimension3d": [
                3.79,
                1.74,
                1.51
            ],
            "label_certainty": 1,
            "measured_by": {
                "Camera": 1,
                "Lidar": 1,
                "Radar": 1
            },
            "object_id": -1,
            "occlusion": 1,
            "orientation_quat": [
                0.8146128880582922,
                -0.010881344645798154,
                -0.03153221397759165,
                -0.5790450400700268
            ],
            "score": -1.0
        },
        {
            "center3d": [
                28.26,
                3.43,
                0.88
            ],
            "classname": "Car",
            "created_by": "g.kuschk",
            "dimension3d": [
                4.07,
                1.83,
                1.56
            ],
            "label_certainty": 1,
            "measured_by": {
                "Camera": 1,
                "Lidar": 1,
                "Radar": 1
            },
            "object_id": -1,
            "occlusion": 1,
            "orientation_quat": [
                0.576340868782086,
                -0.03150177746740702,
                0.010977946332047342,
                0.8165282148721102
            ],
            "score": -1.0
        },
        {
            "center3d": [
                13.75,
                -1.11,
                0.07
            ],
            "classname": "Car",
            "created_by": "g.kuschk",
            "dimension3d": [
                3.55,
                1.72,
                1.56
            ],
            "label_certainty": 1,
            "measured_by": {
                "Camera": 1,
                "Lidar": 1,
                "Radar": 1
            },
            "object_id": -1,
            "occlusion": 1,
            "orientation_quat": [
                -0.7840139613583808,
                0.009244718356598161,
                0.03205515274775647,
                0.6198460379481059
            ],
            "score": -1.0
        },
        {
            "center3d": [
                16.69,
                -0.38,
                0.13
            ],
            "classname": "Car",
            "created_by": "g.kuschk",
            "dimension3d": [
                3.97,
                1.67,
                1.31
            ],
            "label_certainty": 2,
            "measured_by": {
                "Camera": 1,
                "Lidar": 1,
                "Radar": 1
            },
            "object_id": -1,
            "occlusion": 1,
            "orientation_quat": [
                0.591461344216959,
                -0.045867945683748086,
                0.021312159149382115,
                0.8047455509216638
            ],
            "score": -1.0
        },
        {
            "center3d": [
                37.61,
                4.88,
                1.82
            ],
            "classname": "Car",
            "created_by": "g.kuschk",
            "dimension3d": [
                4.76,
                1.9,
                2.3
            ],
            "label_certainty": 1,
            "measured_by": {
                "Camera": 1,
                "Lidar": 1,
                "Radar": 1
            },
            "object_id": -1,
            "occlusion": 1,
            "orientation_quat": [
                0.8252965013203072,
                -0.011463019879947047,
                -0.03132818161442279,
                -0.5637134281888503
            ],
            "score": -1.0
        },
        {
            "center3d": [
                7.75,
                -3.22,
                -0.1
            ],
            "classname": "Car",
            "created_by": "g.kuschk",
            "dimension3d": [
                3.55,
                1.72,
                1.49
            ],
            "label_certainty": 0,
            "measured_by": {
                "Camera": 1,
                "Lidar": 1,
                "Radar": 1
            },
            "object_id": -1,
            "occlusion": 1,
            "orientation_quat": [
                -0.8011352102489632,
                0.010144150734655803,
                0.03178129994277401,
                0.5975528596527422
            ],
            "score": -1.0
        },
        {
            "center3d": [
                5.0,
                -3.66,
                -0.22
            ],
            "classname": "Car",
            "created_by": "g.kuschk",
            "dimension3d": [
                3.55,
                1.72,
                1.49
            ],
            "label_certainty": 1,
            "measured_by": {
                "Camera": 1,
                "Lidar": 1,
                "Radar": 1
            },
            "object_id": -1,
            "occlusion": 1,
            "orientation_quat": [
                -0.5990935815867823,
                0.03180055278666057,
                -0.010083234390365582,
                -0.7999837084142484
            ],
            "score": -1.0
        },
        {
            "center3d": [
                42.03,
                6.73,
                1.66
            ],
            "classname": "Car",
            "created_by": "g.kuschk",
            "dimension3d": [
                3.66,
                1.81,
                1.63
            ],
            "label_certainty": 2,
            "measured_by": {
                "Camera": 1,
                "Lidar": 1,
                "Radar": 1
            },
            "object_id": -1,
            "occlusion": 1,
            "orientation_quat": [
                0.8252965013203072,
                -0.011463019879947047,
                -0.03132818161442279,
                -0.5637134281888503
            ],
            "score": -1.0
        },
        {
            "center3d": [
                15.16,
                11.0,
                -0.68
            ],
            "classname": "Car",
            "created_by": "g.kuschk",
            "dimension3d": [
                3.79,
                1.67,
                1.37
            ],
            "label_certainty": 2,
            "measured_by": {
                "Camera": 1,
                "Lidar": 1,
                "Radar": 1
            },
            "object_id": -1,
            "occlusion": 1,
            "orientation_quat": [
                0.5650303103976936,
                -0.045151160148347906,
                0.022791624724827115,
                0.8235184654344716
            ],
            "score": -1.0
        },
        {
            "center3d": [
                19.988672320408696,
                12.014783767943717,
                -0.5049850957434856
            ],
            "classname": "Car",
            "created_by": "g.kuschk",
            "dimension3d": [
                3.8984928446590845,
                1.67,
                1.4453927142646736
            ],
            "label_certainty": 2,
            "measured_by": {
                "Camera": 1,
                "Lidar": 1,
                "Radar": 1
            },
            "object_id": -1,
            "occlusion": 1,
            "orientation_quat": [
                0.5644083870415342,
                -0.04513333873080478,
                0.022826590012527875,
                0.8239448410910674
            ],
            "score": -1.0
        },
        {
            "center3d": [
                22.136947227096968,
                12.889638804737586,
                -0.3356760646302258
            ],
            "classname": "Car",
            "created_by": "g.kuschk",