{
    "frame_flag": "",
    "frame_index": 153,
    "header": "Astyx Version_01_00",
    "objects": [
        {
            "center3d": [
                23.22,
                6.85,
                -0.07
            ],
            "classname": "Person",
            "created_by": "g.kuschk",
            "dimension3d": [
                0.5,
                0.7,
                1.8
            ],
            "label_certainty": 0,
            "measured_by": {
                "Camera": 1,
                "Lidar": 1,
                "Radar": 1
            },
            "object_id": -1,
            "occlusion": 0,
            "orientation_quat": [
                0.9990465311984655,
                -0.03173021801422301,
                -0.018428834689046273,
                -0.023655862213985954
            ],
            "score": -1.0
        }
    ]
}