{
    "frame_flag": "",
    "frame_index": 93,
    "header": "Astyx Version_01_00",
    "objects": [
        {
            "center3d": [
                17.295026999883802,
                1.7080134633171475,
                -0.07981723203955474
            ],
            "classname": "Car",
            "created_by": "m.meyer",
            "dimension3d": [
                4.095616433523864,
                1.758304029645308,
                1.3917710943621535
            ],
            "label_certainty": 0,
            "measured_by": {
                "Camera": 1,
                "Lidar": 1,
                "Radar": 1
            },
            "object_id": -1,
            "occlusion": 0,
            "orientation_quat": [
                0.12339164020099333,
                -0.022612660906062634,
                0.024536319297685048,
                0.9917969246426297
            ],
            "score": -1.0
        },
        {
            "center3d": [
                11.389121859096619,
                2.835715421816562,
                -0.450756720016865
            ],
            "classname": "Car",
            "created_by": "m.meyer",
            "dimension3d": [
                4.247,
                1.7505981311586973,
                1.469265536748093
            ],
            "label_certainty": 0,
            "measured_by": {
                "Camera": 1,
                "Lidar": 1,
                "Radar": 1
            },
            "object_id": -1,
            "occlusion": 0,
            "orientation_quat": [
                0.12761929695821178,
                -0.029206918186419465,
                0.025263214937160584,
                0.9910711583660289
            ],
            "score": -1.0
        },
        {
            "center3d": [
                22.81852630985367,
                0.29758618687379434,
                0.3709527882131275
            ],
            "classname": "Car",
            "created_by": "m.meyer",
            "dimension3d": [
                4.254102948852514,
                1.7169991638962623,
                1.5268537723287772
            ],
            "label_certainty": 0,
            "measured_by": {
                "Camera": 1,
                "Lidar": 1,
                "Radar": 1
            },
            "object_id": -1,
            "occlusion": 0,
            "orientation_quat": [
                0.11942921000714052,
                -0.022514561666048892,
                0.02462645469454845,
                0.9922818632017989
            ],
            "score": -1.0
        },
        {
            "center3d": [
                5.313607654263073,
                4.428966656005418,
                -0.9023722554871375
            ],
            "classname": "Car",
            "created_by": "m.meyer",
            "dimension3d": [
                4.577456261913141,
                1.8208056647143347,
                1.4682362715445565
            ],
            "label_certainty": 0,
            "measured_by": {
                "Camera": 1,
                "Lidar": 1,
                "Radar": 1
            },
            "object_id": -1,
            "occlusion": 0,
            "orientation_quat": [
                -0.10893609430976206,
                0.021072067160763635,
                -0.03004445282994096,
                -0.9933711422203972
            ],
            "score": -1.0
        }
    ]
}