{
    "frame_flag": "",
    "frame_index": 72,
    "header": "Astyx Version_01_00",
    "objects": [
        {
            "center3d": [
                24.37426017210398,
                2.7708171629004816,
                0.45178237175375346
            ],
            "classname": "Car",
            "created_by": "unknown",
            "dimension3d": [
                4.0,
                1.8,
                1.74
            ],
            "label_certainty": 1,
            "measured_by": {
                "Camera": 1,
                "Lidar": 1,
                "Radar": 1
            },
            "object_id": -1,
            "occlusion": 0,
            "orientation_quat": [
                0.9983924437660594,
                -0.03226771667924147,
                -0.02841950345817417,
                0.036927693054604374
            ],
            "score": -1.0
        }
    ]
}