{
    "frame_flag": "",
    "frame_index": 223,
    "header": "Astyx Version_01_00",
    "objects": [
        {
            "center3d": [
                19.550769610207382,
                -1.6175257911229544,
                0.29255441698808426
            ],
            "classname": "Car",
            "created_by": "unknown",
            "dimension3d": [
                3.564599245097045,
                1.7506299720247736,
                1.5326959320786282
            ],
            "label_certainty": 0,
            "measured_by": {
                "Camera": 1,
                "Lidar": 1,
                "Radar": 1
            },
            "object_id": -1,
            "occlusion": 0,
            "orientation_quat": [
                0.9992208205144096,
                -0.03241642750225498,
                -0.017203129462381495,
                0.014525130471076448
            ],
            "score": -1.0
        },
        {
            "center3d": [
                88.19064715237901,
                5.97954876022506,
                3.379114849160389
            ],
            "classname": "Car",
            "created_by": "unknown",
            "dimension3d": [
                3.321483595612714,
                1.7343298565439595,
                1.511852121507983
            ],
            "label_certainty": 0,
            "measured_by": {
                "Camera": 1,
                "Lidar": 1,
                "Radar": 1
            },
            "object_id": -1,
            "occlusion": 0,
            "orientation_quat": [
                0.9984161913955848,
                -0.0313824328888396,
                -0.019028061691585697,
                -0.042640175109556554
            ],
            "score": -1.0
        },
        {
            "center3d": [
                86.17,
                1.86,
                3.79
            ],
            "classname": "Car",
            "created_by": "unknown",
            "dimension3d": [
                4.0,
                1.8,
                1.93
            ],
            "label_certainty": 1,
            "measured_by": {
                "Camera": 1,
                "Lidar": 1,
                "Radar": 1
            },
            "object_id": -1,
            "occlusion": 0,
            "orientation_quat": [
                0.9798611590846921,
                -0.02808244735385028,
                -0.02363969328568927,
                -0.19627697259021662
            ],
            "score": -1.0
        }
    ]
}