{
    "frame_flag": "",
    "frame_index": 231,
    "header": "Astyx Version_01_00",
    "objects": [
        {
            "center3d": [
                20.847423290282705,
                0.2946031448406272,
                0.2539446886671488
            ],
            "classname": "Car",
            "created_by": "unknown",
            "dimension3d": [
                3.8445453702207257,
                1.8,
                1.568601535299486
            ],
            "label_certainty": 0,
            "measured_by": {
                "Camera": 1,
                "Lidar": 1,
                "Radar": 1
            },
            "object_id": -1,
            "occlusion": 0,
            "orientation_quat": [
                0.9984273796689411,
                -0.04047218256919136,
                -0.01680250361506333,
                0.03496349292853823
            ],
            "score": -1.0
        },
        {
            "center3d": [
                74.53542290665932,
                5.519351645085338,
                3.0460922989184924
            ],
            "classname": "Car",
            "created_by": "unknown",
            "dimension3d": [
                5.027027178409662,
                1.8,
                1.8689521008853347
            ],
            "label_certainty": 0,
            "measured_by": {
                "Camera": 1,
                "Lidar": 1,
                "Radar": 1
            },
            "object_id": -1,
            "occlusion": 0,
            "orientation_quat": [
                0.9928131838948734,
                -0.029947995057619647,
                -0.02122112884110167,
                -0.11390681791386577
            ],
            "score": -1.0
        },
        {
            "center3d": [
                75.77284135190533,
                9.777806271195391,
                2.556016011282357
            ],
            "classname": "Car",
            "created_by": "unknown",
            "dimension3d": [
                3.6851523738327265,
                1.8,
                1.5
            ],
            "label_certainty": 0,
            "measured_by": {
                "Camera": 1,
                "Lidar": 1,
                "Radar": 1
            },
            "object_id": -1,
            "occlusion": 0,
            "orientation_quat": [
                0.9993180154053435,
                -0.03209766197445536,
                -0.01780217029405151,
                -0.004040657733721214
            ],
            "score": -1.0
        }
    ]
}