{
    "frame_flag": "",
    "frame_index": 205,
    "header": "Astyx Version_01_00",
    "objects": [
        {
            "center3d": [
                3.77,
                3.33,
                -0.88
            ],
            "classname": "Car",
            "created_by": "g.kuschk",
            "dimension3d": [
                4.14,
                1.8,
                1.5
            ],
            "label_certainty": 0,
            "measured_by": {
                "Camera": 1,
                "Lidar": 1,
                "Radar": 1
            },
            "object_id": -1,
            "occlusion": 1,
            "orientation_quat": [
                0.0012420331720979238,
                0.01763189968859827,
                -0.03218835522702881,
                -0.9993255141618016
            ],
            "score": -1.0
        },
        {
            "center3d": [
                73.09814701690595,
                2.9466520130471285,
                2.6286319466218133
            ],
            "classname": "Car",
            "created_by": "g.kuschk",
            "dimension3d": [
                4.0,
                1.8,
                1.5
            ],
            "label_certainty": 0,
            "measured_by": {
                "Camera": 1,
                "Lidar": 1,
                "Radar": 1
            },
            "object_id": -1,
            "occlusion": 0,
            "orientation_quat": [
                0.9990725148250041,
                -0.03255069380787034,
                -0.016942966280349567,
                0.022527723974943903
            ],
            "score": -1.0
        },
        {
            "center3d": [
                70.81466260455849,
                6.138743721436091,
                2.3838784296897852
            ],
            "classname": "Car",
            "created_by": "g.kuschk",
            "dimension3d": [
                4.0,
                1.8,
                1.5
            ],
            "label_certainty": 0,
            "measured_by": {
                "Camera": 1,
                "Lidar": 1,
                "Radar": 1
            },
            "object_id": -1,
            "occlusion": 0,
            "orientation_quat": [
                0.019698336285522405,
                0.039848696732656626,
                -0.03205099777320678,
                -0.9984972661244662
            ],
            "score": -1.0
        }
    ]
}