{
    "frame_flag": "",
    "frame_index": 5,
    "header": "Astyx Version_01_00",
    "objects": [
        {
            "center3d": [
                17.96,
                4.5,
                -0.41
            ],
            "classname": "Car",
            "created_by": "g.kuschk",
            "dimension3d": [
                4.04,
                1.79,
                1.39
            ],
            "label_certainty": 2,
            "measured_by": {
                "Camera": 1,
                "Lidar": 1,
                "Radar": 1
            },
            "object_id": -1,
            "occlusion": 2,
            "orientation_quat": [
                -0.6746363576390424,
                0.00399298993994708,
                0.0331216430479752,
                0.737395957233743
            ],
            "score": -1.0
        },
        {
            "center3d": [
                27.127096082760012,
                3.817664652621053,
                -0.12978548260736597
            ],
            "classname": "Car",
            "created_by": "g.kuschk",
            "dimension3d": [
                4.15,
                1.82,
                1.47
            ],
            "label_certainty": 1,
            "measured_by": {
                "Camera": 1,
                "Lidar": 1,
                "Radar": 1
            },
            "object_id": -1,
            "occlusion": 1,
            "orientation_quat": [
                0.7077366930396394,
                -0.032916929866928166,
                0.005414113091257725,
                0.7056882714293091
            ],
            "score": -1.0
        },
        {
            "center3d": [
                29.77453247359531,
                3.104730047152656,
                -0.044275518094696736
            ],
            "classname": "Car",
            "created_by": "g.kuschk",
            "dimension3d": [
                4.27,
                1.7698965460111897,
                1.41
            ],
            "label_certainty": 0,
            "measured_by": {
                "Camera": 1,
                "Lidar": 1,
                "Radar": 1
            },
            "object_id": -1,
            "occlusion": 1,
            "orientation_quat": [
                0.7263085148164494,
                -0.033052221528152056,
                0.004530750054758189,
                0.6865587842720526
            ],
            "score": -1.0
        },
        {
            "center3d": [
                11.544363277616533,
                4.815084397897406,
                -0.6258954786518424
            ],
            "classname": "Car",
            "created_by": "g.kuschk",
            "dimension3d": [
                4.35,
                1.85,
                1.53
            ],
            "label_certainty": 1,
            "measured_by": {
                "Camera": 1,
                "Lidar": 1,
                "Radar": 1
            },
            "object_id": -1,
            "occlusion": 1,
            "orientation_quat": [
                0.7014551753115987,
                -0.032865216024136605,
                0.005708957427927766,
                0.7119325265847511
            ],
            "score": -1.0
        },
        {
            "center3d": [
                8.979120632130243,
                5.0870984084528414,
                -0.7356215142382495
            ],
            "classname": "Car",
            "created_by": "g.kuschk",
            "dimension3d": [
                3.34,
                1.7473229389500122,
                1.52
            ],
            "label_certainty": 1,
            "measured_by": {
                "Camera": 1,
                "Lidar": 1,
                "Radar": 1
            },
            "object_id": -1,
            "occlusion": 1,
            "orientation_quat": [
                0.7214165701353917,
                -0.03301338214512874,
                0.004774221710973831,
                0.6916975175179406
            ],
            "score": -1.0
        },
        {
            "center3d": [
                6.467779972693076,
                5.022671363032848,
                -0.8779509538155349
            ],
            "classname": "Car",
            "created_by": "g.kuschk",
            "dimension3d": [
                4.27,
                1.71,
                1.5963848946503154
            ],
            "label_certainty": 1,
            "measured_by": {
                "Camera": 1,
                "Lidar": 1,
                "Radar": 1
            },
            "object_id": -1,
            "occlusion": 1,
            "orientation_quat": [
                0.6303654229213996,
                -0.0020602326211235076,
                -0.03329157751566506,
                -0.7755816268409087
            ],
            "score": -1.0
        },
        {
            "center3d": [
                20.818845602121144,
                4.7912169462094365,
                -0.3705616914316422
            ],
            "classname": "Car",
            "created_by": "g.kuschk",
            "dimension3d": [
                4.104072446538355,
                1.8,
                1.28
            ],
            "label_certainty": 2,
            "measured_by": {
                "Camera": 1,
                "Lidar": 1,
                "Radar": 1
            },
            "object_id": -1,
            "occlusion": 2,
            "orientation_quat": [
                -0.7169117056465513,
                0.03298912521771158,
                -0.004979309282861099,
                -0.6963652277385687
            ],
            "score": -1.0
        },
        {
            "center3d": [
                24.098973202469836,
                4.19768922044459,
                -0.23482422661436128
            ],
            "classname": "Car",
            "created_by": "g.kuschk",
            "dimension3d": [
                4.01,
                1.8,
                1.3928933233825338
            ],
            "label_certainty": 2,
            "measured_by": {
                "Camera": 1,
                "Lidar": 1,
                "Radar": 1
            },
            "object_id": -1,
            "occlusion": 2,
            "orientation_quat": [
                -0.7168895945307241,
                0.03344473157037999,
                -0.004552713426035456,
                -0.6963691779395608
            ],
            "score": -1.0
        },
        {
            "center3d": [
                32.37284529218676,
                2.913348005981549,
                0.0823949208554178
            ],
            "classname": "Car",
            "created_by": "g.kuschk",
            "dimension3d": [
                4.09,
                1.7226181172851576,
                1.47
            ],
            "label_certainty": 2,
            "measured_by": {
                "Camera": 1,
                "Lidar": 1,
                "Radar": 1
            },
            "object_id": -1,
            "occlusion": 2,
            "orientation_quat": [
                0.6904362918177588,
                -0.004706409610342583,
                -0.033031557686709116,
                -0.722623340922719
            ],
            "score": -1.0
        },
        {
            "center3d": [
                9.875329148085669,
                -5.963565460620503,
                -0.18271223242149237
            ],
            "classname": "Car",
            "created_by": "g.kuschk",
            "dimension3d": [
                3.945629886868563,
                1.7378085322042283,
                1.4283192463694718
            ],
            "label_certainty": 1,
            "measured_by": {
                "Camera": 1,
                "Lidar": 1,
                "Radar": 1
            },
            "object_id": -1,
            "occlusion": 1,