{
    "frame_flag": "",
    "frame_index": 34,
    "header": "Astyx Version_01_00",
    "objects": [
        {
            "center3d": [
                40.17481829413188,
                20.768496889444535,
                0.1484839350907532
            ],
            "classname": "Car",
            "created_by": "g.kuschk",
            "dimension3d": [
                3.992476228587905,
                1.94,
                1.7
            ],
            "label_certainty": 2,
            "measured_by": {
                "Camera": 1,
                "Lidar": 1,
                "Radar": 1
            },
            "object_id": -1,
            "occlusion": 1,
            "orientation_quat": [
                -0.5138759450273862,
                0.03059584635941961,
                -0.013297731326889712,
                -0.8572155957805012
            ],
            "score": -1.0
        },
        {
            "center3d": [
                44.31,
                22.48,
                0.17
            ],
            "classname": "Car",
            "created_by": "g.kuschk",
            "dimension3d": [
                3.96,
                1.72,
                1.81
            ],
            "label_certainty": 2,
            "measured_by": {
                "Camera": 1,
                "Lidar": 1,
                "Radar": 1
            },
            "object_id": -1,
            "occlusion": 1,
            "orientation_quat": [
                0.5322599905522793,
                -0.030871475013744216,
                0.012638540736456445,
                0.845923472765602
            ],
            "score": -1.0
        },
        {
            "center3d": [
                51.26447094472708,
                13.708609066142886,
                0.7982810784497596
            ],
            "classname": "Car",
            "created_by": "g.kuschk",
            "dimension3d": [
                4.12,
                1.73,
                1.6649718793966848
            ],
            "label_certainty": 0,
            "measured_by": {
                "Camera": 1,
                "Lidar": 1,
                "Radar": 1
            },
            "object_id": -1,
            "occlusion": 0,
            "orientation_quat": [
                0.5377821865210832,
                -0.030962588001173148,
                0.012424844545240548,
                0.842423445330731
            ],
            "score": -1.0
        },
        {
            "center3d": [
                26.55,
                4.55,
                0.1
            ],
            "classname": "Car",
            "created_by": "g.kuschk",
            "dimension3d": [
                3.93,
                1.82,
                1.41
            ],
            "label_certainty": 2,
            "measured_by": {
                "Camera": 1,
                "Lidar": 1,
                "Radar": 1
            },
            "object_id": -1,
            "occlusion": 1,
            "orientation_quat": [
                -0.8418572562641955,
                0.012396380053057847,
                0.030971920302780086,
                0.5386682002769972
            ],
            "score": -1.0
        },
        {
            "center3d": [
                8.692385024988527,
                -2.078451412985257,
                -0.28463527218243545
            ],
            "classname": "Car",
            "created_by": "g.kuschk",
            "dimension3d": [
                3.893968983745532,
                1.6008516704308264,
                1.4505690058244598
            ],
            "label_certainty": 0,
            "measured_by": {
                "Camera": 1,
                "Lidar": 1,
                "Radar": 1
            },
            "object_id": -1,
            "occlusion": 0,
            "orientation_quat": [
                0.8346330305245039,
                -0.011988178196927652,
                -0.031131057444067866,
                -0.5497952757194405
            ],
            "score": -1.0
        },
        {
            "center3d": [
                34.13,
                7.34,
                0.43
            ],
            "classname": "Car",
            "created_by": "g.kuschk",
            "dimension3d": [
                4.26,
                1.74,
                1.59
            ],
            "label_certainty": 2,
            "measured_by": {
                "Camera": 1,
                "Lidar": 1,
                "Radar": 1
            },
            "object_id": -1,
            "occlusion": 1,
            "orientation_quat": [
                0.8329118870300175,
                -0.011883810142811172,
                -0.03117286847178654,
                -0.5523991453395141
            ],
            "score": -1.0
        },
        {
            "center3d": [
                54.68,
                25.95,
                0.25
            ],
            "classname": "Car",
            "created_by": "g.kuschk",
            "dimension3d": [
                4.02,
                1.75,
                1.42
            ],
            "label_certainty": 2,
            "measured_by": {
                "Camera": 1,
                "Lidar": 1,
                "Radar": 1
            },
            "object_id": -1,
            "occlusion": 1,
            "orientation_quat": [
                -0.5396049314472248,
                0.03098875995346531,
                -0.012357218076757557,
                -0.841257103313717
            ],
            "score": -1.0
        },
        {
            "center3d": [
                11.26,
                -1.35,
                -0.17
            ],
            "classname": "Car",
            "created_by": "g.kuschk",
            "dimension3d": [
                3.5,
                1.55,
                1.47
            ],
            "label_certainty": 1,
            "measured_by": {
                "Camera": 1,
                "Lidar": 1,
                "Radar": 1
            },
            "object_id": -1,
            "occlusion": 1,
            "orientation_quat": [
                0.8634263340293726,
                -0.015307847233814703,
                -0.03321143963998832,
                -0.5031477276056248
            ],
            "score": -1.0
        },
        {
            "center3d": [
                13.296193629996848,
                0.3565699672502456,
                -0.12963809210195898
            ],
            "classname": "Car",
            "created_by": "g.kuschk",
            "dimension3d": [
                3.908181093782436,
                1.6236251742346668,
                1.565755463229727
            ],
            "label_certainty": 1,
            "measured_by": {
                "Camera": 1,
                "Lidar": 1,
                "Radar": 1
            },
            "object_id": -1,
            "occlusion": 1,
            "orientation_quat": [
                0.5523965775103462,
                -0.034038981058408864,
                0.013366406201709365,
                0.8327789070987642
            ],
            "score": -1.0
        },
        {
            "center3d": [
                22.69,
                2.57,
                0.5
            ],
            "classname": "Car",
            "created_by": "g.kuschk",
            "dimension3d": [
                4.57,
                1.7,
                2.3
            ],
            "label_certainty": 1,
            "measured_by": {
                "Camera": 1,
                "Lidar": 1,
                "Radar": 1
            },
            "object_id": -1,
            "occlusion": 1,
            "orientation_quat": [
                0.8495583337111074,
                -0.01442965537523353,
                -0.0336004379903559,
                -0.5262256485906166
            ],
            "score": -1.0
        },
        {
            "center3d": [
                31.05,
                5.97,
                0.24
            ],