{
    "frame_flag": "",
    "frame_index": 184,
    "header": "Astyx Version_01_00",
    "objects": [
        {
            "center3d": [
                48.6,
                3.93,
                1.31
            ],
            "classname": "Car",
            "created_by": "unknown",
            "dimension3d": [
                4.0,
                1.8,
                1.5
            ],
            "label_certainty": 1,
            "measured_by": {
                "Camera": 1,
                "Lidar": 1,
                "Radar": 1
            },
            "object_id": -1,
            "occlusion": 0,
            "orientation_quat": [
                0.03405098039838125,
                0.01656642313595843,
                -0.03274435031958067,
                -0.9987461598827493
            ],
            "score": -1.0
        }
    ]
}