{
    "frame_flag": "",
    "frame_index": 251,
    "header": "Astyx Version_01_00",
    "objects": [
        {
            "center3d": [
                48.34,
                11.56,
                0.89
            ],
            "classname": "Car",
            "created_by": "g.kuschk",
            "dimension3d": [
                4.07,
                1.8,
                1.58
            ],
            "label_certainty": 1,
            "measured_by": {
                "Camera": 1,
                "Lidar": 1,
                "Radar": 1
            },
            "object_id": -1,
            "occlusion": 1,
            "orientation_quat": [
                0.6445532417366603,
                -0.045219490911940864,
                0.022437375693246577,
                0.762891132718442
            ],
            "score": -1.0
        },
        {
            "center3d": [
                37.85,
                -15.33,
                2.46
            ],
            "classname": "Car",
            "created_by": "g.kuschk",
            "dimension3d": [
                4.06,
                1.8,
                1.5
            ],
            "label_certainty": 1,
            "measured_by": {
                "Camera": 1,
                "Lidar": 1,
                "Radar": 1
            },
            "object_id": -1,
            "occlusion": 1,
            "orientation_quat": [
                0.7149218500552922,
                -0.03534807421920415,
                0.009833242199387,
                0.6982410538706244
            ],
            "score": -1.0
        },
        {
            "center3d": [
                14.401813488170518,
                3.99161872341133,
                -0.45258895765944307
            ],
            "classname": "Car",
            "created_by": "g.kuschk",
            "dimension3d": [
                3.301185332708048,
                1.8,
                1.5
            ],
            "label_certainty": 0,
            "measured_by": {
                "Camera": 1,
                "Lidar": 1,
                "Radar": 1
            },
            "object_id": -1,
            "occlusion": 0,
            "orientation_quat": [
                0.9993262177984634,
                -0.03215258245145488,
                -0.017691193526285363,
                -0.0005861176810310498
            ],
            "score": -1.0
        },
        {
            "center3d": [
                12.980400575806634,
                -0.30954433709903123,
                0.0693510274359127
            ],
            "classname": "Car",
            "created_by": "g.kuschk",
            "dimension3d": [
                4.041255746736868,
                1.9215484412583066,
                1.7519426118490802
            ],
            "label_certainty": 0,
            "measured_by": {
                "Camera": 1,
                "Lidar": 1,
                "Radar": 1
            },
            "object_id": -1,
            "occlusion": 0,
            "orientation_quat": [
                -0.9951316023237128,
                0.030431460630870637,
                0.020678469592973203,
                0.09142987015086743
            ],
            "score": -1.0
        },
        {
            "center3d": [
                13.387084305514842,
                -4.5433697592833004,
                0.14309025032645273
            ],
            "classname": "Car",
            "created_by": "g.kuschk",
            "dimension3d": [
                3.5031810670020276,
                1.6608697830347119,
                1.5
            ],
            "label_certainty": 0,
            "measured_by": {
                "Camera": 1,
                "Lidar": 1,
                "Radar": 1
            },
            "object_id": -1,
            "occlusion": 0,
            "orientation_quat": [
                0.992724157593421,
                -0.029920574040562278,
                -0.021245637089440876,
                -0.11468273228424417
            ],
            "score": -1.0
        },
        {
            "center3d": [
                41.18,
                -16.45,
                3.78
            ],
            "classname": "Truck",
            "created_by": "g.kuschk",
            "dimension3d": [
                9.8,
                2.7,
                3.3
            ],
            "label_certainty": 1,
            "measured_by": {
                "Camera": 1,
                "Lidar": 1,
                "Radar": 1
            },
            "object_id": -1,
            "occlusion": 1,
            "orientation_quat": [
                0.6791864963583216,
                -0.03481459796808158,
                0.011585413309172551,
                0.733048037396789
            ],
            "score": -1.0
        }
    ]
}