{
    "frame_flag": "",
    "frame_index": 78,
    "header": "Astyx Version_01_00",
    "objects": [
        {
            "center3d": [
                7.917653679773465,
                3.450697287348541,
                -0.6474572631891635
            ],
            "classname": "Car",
            "created_by": "g.kuschk",
            "dimension3d": [
                4.27,
                2.0,
                1.43
            ],
            "label_certainty": 0,
            "measured_by": {
                "Camera": 1,
                "Lidar": 1,
                "Radar": 1
            },
            "object_id": -1,
            "occlusion": 1,
            "orientation_quat": [
                0.02138105417425651,
                -0.019361718970713742,
                0.030398698201538395,
                0.9991215609266715
            ],
            "score": -1.0
        },
        {
            "center3d": [
                12.841150518014201,
                3.3051481203462725,
                -0.41937230517417856
            ],
            "classname": "Car",
            "created_by": "g.kuschk",
            "dimension3d": [
                3.97,
                1.91,
                1.45
            ],
            "label_certainty": 0,
            "measured_by": {
                "Camera": 1,
                "Lidar": 1,
                "Radar": 1
            },
            "object_id": -1,
            "occlusion": 1,
            "orientation_quat": [
                0.011388936040620187,
                -0.01966473280842393,
                0.03020356431652427,
                0.9992854122431758
            ],
            "score": -1.0
        },
        {
            "center3d": [
                56.4,
                6.16,
                0.55
            ],
            "classname": "Car",
            "created_by": "g.kuschk",
            "dimension3d": [
                4.0,
                1.8,
                1.5
            ],
            "label_certainty": 2,
            "measured_by": {
                "Camera": 1,
                "Lidar": 1,
                "Radar": 1
            },
            "object_id": -1,
            "occlusion": 0,
            "orientation_quat": [
                -0.0008461955167961183,
                0.017699162238185878,
                -0.03215087604971153,
                -0.9993259452142979
            ],
            "score": -1.0
        },
        {
            "center3d": [
                61.08,
                6.01,
                0.8
            ],
            "classname": "Car",
            "created_by": "g.kuschk",
            "dimension3d": [
                4.0,
                1.8,
                1.5
            ],
            "label_certainty": 2,
            "measured_by": {
                "Camera": 1,
                "Lidar": 1,
                "Radar": 1
            },
            "object_id": -1,
            "occlusion": 1,
            "orientation_quat": [
                -0.005266598909169431,
                0.017841576713173466,
                -0.0320641668872043,
                -0.9993126789339498
            ],
            "score": -1.0
        },
        {
            "center3d": [
                65.74,
                5.91,
                1.12
            ],
            "classname": "Car",
            "created_by": "g.kuschk",
            "dimension3d": [
                4.0,
                1.8,
                1.83
            ],
            "label_certainty": 2,
            "measured_by": {
                "Camera": 1,
                "Lidar": 1,
                "Radar": 1
            },
            "object_id": -1,
            "occlusion": 1,
            "orientation_quat": [
                -0.006216541057651549,
                0.01787204069008072,
                -0.03204846988168237,
                -0.9993071801788945
            ],
            "score": -1.0
        },
        {
            "center3d": [
                70.36,
                5.62,
                1.23
            ],
            "classname": "Car",
            "created_by": "g.kuschk",
            "dimension3d": [
                4.0,
                1.8,
                1.5
            ],
            "label_certainty": 2,
            "measured_by": {
                "Camera": 1,
                "Lidar": 1,
                "Radar": 1
            },
            "object_id": -1,
            "occlusion": 1,
            "orientation_quat": [
                -0.007545459544045839,
                0.017914637340744548,
                -0.03202522531515952,
                -0.9992980119827779
            ],
            "score": -1.0
        },
        {
            "center3d": [
                90.37,
                -0.58,
                2.45
            ],
            "classname": "Car",
            "created_by": "g.kuschk",
            "dimension3d": [
                4.0,
                1.8,
                1.62
            ],
            "label_certainty": 2,
            "measured_by": {
                "Camera": 1,
                "Lidar": 1,
                "Radar": 1
            },
            "object_id": -1,
            "occlusion": 0,
            "orientation_quat": [
                0.9991511437917243,
                -0.0318228270408584,
                -0.01827162431299824,
                -0.01872023727898216
            ],
            "score": -1.0
        }
    ]
}