{
    "frame_flag": "",
    "frame_index": 37,
    "header": "Astyx Version_01_00",
    "objects": [
        {
            "center3d": [
                23.61,
                -3.29,
                0.35
            ],
            "classname": "Car",
            "created_by": "g.kuschk",
            "dimension3d": [
                4.08,
                1.76,
                1.52
            ],
            "label_certainty": 2,
            "measured_by": {
                "Camera": 1,
                "Lidar": 1,
                "Radar": 1
            },
            "object_id": -1,
            "occlusion": 2,
            "orientation_quat": [
                -0.7781008093425353,
                0.03329385066709662,
                -0.0019274485883541935,
                -0.6272534854029812
            ],
            "score": -1.0
        },
        {
            "center3d": [
                36.88,
                -8.36,
                1.49
            ],
            "classname": "Car",
            "created_by": "g.kuschk",
            "dimension3d": [
                3.74,
                1.74,
                1.68
            ],
            "label_certainty": 2,
            "measured_by": {
                "Camera": 1,
                "Lidar": 1,
                "Radar": 1
            },
            "object_id": -1,
            "occlusion": 1,
            "orientation_quat": [
                0.7794611161554937,
                -0.033305169983337865,
                0.0018468692728881252,
                0.6255619258937535
            ],
            "score": -1.0
        },
        {
            "center3d": [
                19.2,
                -1.48,
                0.27
            ],
            "classname": "Car",
            "created_by": "g.kuschk",
            "dimension3d": [
                4.68,
                1.87,
                1.72
            ],
            "label_certainty": 1,
            "measured_by": {
                "Camera": 1,
                "Lidar": 1,
                "Radar": 1
            },
            "object_id": -1,
            "occlusion": 0,
            "orientation_quat": [
                0.7961052164250261,
                -0.033349146352607904,
                0.0009407998534752467,
                0.6042378949669167
            ],
            "score": -1.0
        },
        {
            "center3d": [
                43.46,
                -11.18,
                1.9
            ],
            "classname": "Car",
            "created_by": "g.kuschk",
            "dimension3d": [
                4.23,
                1.7,
                1.38
            ],
            "label_certainty": 2,
            "measured_by": {
                "Camera": 1,
                "Lidar": 1,
                "Radar": 1
            },
            "object_id": -1,
            "occlusion": 1,
            "orientation_quat": [
                0.8394022135094455,
                -0.03332123430634145,
                -0.0015705343327231795,
                0.5424860852792954
            ],
            "score": -1.0
        },
        {
            "center3d": [
                13.48,
                2.49,
                -0.08
            ],
            "classname": "Car",
            "created_by": "g.kuschk",
            "dimension3d": [
                4.0,
                1.84,
                1.53
            ],
            "label_certainty": 1,
            "measured_by": {
                "Camera": 1,
                "Lidar": 1,
                "Radar": 1
            },
            "object_id": -1,
            "occlusion": 1,
            "orientation_quat": [
                0.7716862620920975,
                -0.024548283293098563,
                0.0094860884616725,
                0.6354586601907208
            ],
            "score": -1.0
        },
        {
            "center3d": [
                3.76,
                4.55,
                -0.91
            ],
            "classname": "Car",
            "created_by": "g.kuschk",
            "dimension3d": [
                4.19,
                1.86,
                1.56
            ],
            "label_certainty": 1,
            "measured_by": {
                "Camera": 1,
                "Lidar": 1,
                "Radar": 1
            },
            "object_id": -1,
            "occlusion": 0,
            "orientation_quat": [
                0.8008498526060376,
                -0.03634204875998323,
                0.005073058495900063,
                0.5977399377240175
            ],
            "score": -1.0
        },
        {
            "center3d": [
                6.34,
                4.08,
                -0.82
            ],
            "classname": "Car",
            "created_by": "g.kuschk",
            "dimension3d": [
                4.36,
                1.8,
                1.5
            ],
            "label_certainty": 1,
            "measured_by": {
                "Camera": 1,
                "Lidar": 1,
                "Radar": 1
            },
            "object_id": -1,
            "occlusion": 1,
            "orientation_quat": [
                0.7861160660526906,
                -0.036209074803605905,
                0.005953565449442526,
                0.6169886454823523
            ],
            "score": -1.0
        },
        {
            "center3d": [
                8.84,
                3.16,
                -0.55
            ],
            "classname": "Car",
            "created_by": "g.kuschk",
            "dimension3d": [
                3.86,
                1.73,
                1.5
            ],
            "label_certainty": 1,
            "measured_by": {
                "Camera": 1,
                "Lidar": 1,
                "Radar": 1
            },
            "object_id": -1,
            "occlusion": 1,
            "orientation_quat": [
                0.8093911170476423,
                -0.05391409362506628,
                -0.005020282776166003,
                0.5847684045105419
            ],
            "score": -1.0
        },
        {
            "center3d": [
                5.11,
                -7.32,
                -0.05
            ],
            "classname": "Car",
            "created_by": "g.kuschk",
            "dimension3d": [
                4.0,
                1.8,
                1.5
            ],
            "label_certainty": 2,
            "measured_by": {
                "Camera": 1,
                "Lidar": 1,
                "Radar": 1
            },
            "object_id": -1,
            "occlusion": 1,
            "orientation_quat": [
                0.8123311317642621,
                -0.05907106826222464,
                -0.007891295330206521,
                0.5801434897669405
            ],
            "score": -1.0
        },
        {
            "center3d": [
                13.51,
                -12.29,
                0.8
            ],
            "classname": "Car",
            "created_by": "g.kuschk",
            "dimension3d": [
                5.45,
                1.98,
                1.96
            ],
            "label_certainty": 2,
            "measured_by": {
                "Camera": 1,
                "Lidar": 1,
                "Radar": 1
            },
            "object_id": -1,
            "occlusion": 1,
            "orientation_quat": [
                0.6035978739056754,
                -0.018628991937147236,
                -0.023002898349101665,
                -0.7967392509117993
            ],
            "score": -1.0
        },
        {
            "center3d": [
                32.5,
                -6.28,
                1.0
            ],
            "classname": "Car",
            "created_by": "g.kuschk",
            "dimension3d": [
                3.77,
                1.8,
                1.5
            ],
            "label_certainty": 2,
            "measured_by": {
                "Camera": 1,