{
    "frame_flag": "",
    "frame_index": 273,
    "header": "Astyx Version_01_00",
    "objects": [
        {
            "center3d": [
                12.5621749408793,
                5.7237755959143755,
                -0.678873683085006
            ],
            "classname": "Car",
            "created_by": "g.kuschk",
            "dimension3d": [
                3.391094260868961,
                1.6759634945561406,
                1.5
            ],
            "label_certainty": 0,
            "measured_by": {
                "Camera": 1,
                "Lidar": 1,
                "Radar": 1
            },
            "object_id": -1,
            "occlusion": 0,
            "orientation_quat": [
                0.9214823884844785,
                -0.03649618871248057,
                -0.003854073782808394,
                0.38668253391856283
            ],
            "score": -1.0
        }
    ]
}