{
    "frame_flag": "",
    "frame_index": 94,
    "header": "Astyx Version_01_00",
    "objects": [
        {
            "center3d": [
                9.859987934647846,
                3.0713328605224226,
                -0.4658555108962945
            ],
            "classname": "Car",
            "created_by": "unknown",
            "dimension3d": [
                4.416433588978386,
                2.191011062689295,
                1.4221053088712097
            ],
            "label_certainty": 0,
            "measured_by": {
                "Camera": 1,
                "Lidar": 1,
                "Radar": 1
            },
            "object_id": -1,
            "occlusion": 0,
            "orientation_quat": [
                -0.12956222034045461,
                0.02169057552970997,
                -0.02960980019753675,
                -0.9908917245218589
            ],
            "score": -1.0
        },
        {
            "center3d": [
                15.86,
                1.74,
                -0.12
            ],
            "classname": "Car",
            "created_by": "unknown",
            "dimension3d": [
                3.75,
                2.07,
                1.47
            ],
            "label_certainty": 1,
            "measured_by": {
                "Camera": 1,
                "Lidar": 1,
                "Radar": 1
            },
            "object_id": -1,
            "occlusion": 1,
            "orientation_quat": [
                0.1260063403157708,
                -0.021656805284911557,
                0.027927432129449092,
                0.9913997395197018
            ],
            "score": -1.0
        },
        {
            "center3d": [
                21.14,
                0.43,
                0.27
            ],
            "classname": "Car",
            "created_by": "unknown",
            "dimension3d": [
                4.09,
                2.11,
                1.66
            ],
            "label_certainty": 1,
            "measured_by": {
                "Camera": 1,
                "Lidar": 1,
                "Radar": 1
            },
            "object_id": -1,
            "occlusion": 1,
            "orientation_quat": [
                0.13591387221399043,
                -0.021376452786925213,
                0.028142600212878614,
                0.9900901275436018
            ],
            "score": -1.0
        }
    ]
}