{
    "frame_flag": "",
    "frame_index": 56,
    "header": "Astyx Version_01_00",
    "objects": [
        {
            "center3d": [
                20.1078812147521,
                -11.298507839406426,
                0.7696212500763991
            ],
            "classname": "Car",
            "created_by": "g.kuschk",
            "dimension3d": [
                3.99,
                1.8,
                1.39
            ],
            "label_certainty": 1,
            "measured_by": {
                "Camera": 1,
                "Lidar": 1,
                "Radar": 1
            },
            "object_id": -1,
            "occlusion": 1,
            "orientation_quat": [
                0.986175004410334,
                -0.03023625420363669,
                -0.030555004526624935,
                -0.16003443787631677
            ],
            "score": -1.0
        },
        {
            "center3d": [
                26.404260518287323,
                -13.606107491724394,
                1.45147207671665
            ],
            "classname": "Car",
            "created_by": "g.kuschk",
            "dimension3d": [
                4.0,
                1.8,
                1.73
            ],
            "label_certainty": 1,
            "measured_by": {
                "Camera": 1,
                "Lidar": 1,
                "Radar": 1
            },
            "object_id": -1,
            "occlusion": 1,
            "orientation_quat": [
                0.9830552389405114,
                -0.030632374909718697,
                -0.031124490642476424,
                -0.17803179738813832
            ],
            "score": -1.0
        },
        {
            "center3d": [
                47.3,
                -16.86,
                2.64
            ],
            "classname": "Car",
            "created_by": "g.kuschk",
            "dimension3d": [
                4.0,
                1.53,
                1.81
            ],
            "label_certainty": 1,
            "measured_by": {
                "Camera": 1,
                "Lidar": 1,
                "Radar": 1
            },
            "object_id": -1,
            "occlusion": 0,
            "orientation_quat": [
                0.9815673125607992,
                -0.028289544427678646,
                -0.02339005350855462,
                -0.18755857214510815
            ],
            "score": -1.0
        }
    ]
}