{
    "frame_flag": "",
    "frame_index": 290,
    "header": "Astyx Version_01_00",
    "objects": [
        {
            "center3d": [
                15.628985862786317,
                -1.1651619843191756,
                -0.03178401571674502
            ],
            "classname": "Car",
            "created_by": "g.kuschk",
            "dimension3d": [
                3.7037491926456916,
                1.637831055057899,
                1.5
            ],
            "label_certainty": 0,
            "measured_by": {
                "Camera": 1,
                "Lidar": 1,
                "Radar": 1
            },
            "object_id": -1,
            "occlusion": 0,
            "orientation_quat": [
                0.9990465311984655,
                -0.03173021801422307,
                -0.018428834689046287,
                -0.023655862213986013
            ],
            "score": -1.0
        },
        {
            "center3d": [
                32.63441372882505,
                2.414758968660457,
                0.6902138283909671
            ],
            "classname": "Car",
            "created_by": "g.kuschk",
            "dimension3d": [
                5.010931238803901,
                1.94,
                1.94
            ],
            "label_certainty": 0,
            "measured_by": {
                "Camera": 1,
                "Lidar": 1,
                "Radar": 1
            },
            "object_id": -1,
            "occlusion": 0,
            "orientation_quat": [
                0.999022854567031,
                -0.030479819715771853,
                -0.019233762085020235,
                -0.025580833428408
            ],
            "score": -1.0
        },
        {
            "center3d": [
                39.92,
                11.36,
                0.49
            ],
            "classname": "Car",
            "created_by": "g.kuschk",
            "dimension3d": [
                4.86,
                2.06,
                2.89
            ],
            "label_certainty": 0,
            "measured_by": {
                "Camera": 1,
                "Lidar": 1,
                "Radar": 1
            },
            "object_id": -1,
            "occlusion": 0,
            "orientation_quat": [
                0.011388936040619985,
                -0.01966473280842356,
                0.030203564316524264,
                0.9992854122431758
            ],
            "score": -1.0
        },
        {
            "center3d": [
                14.33,
                8.8,
                -0.95
            ],
            "classname": "Car",
            "created_by": "g.kuschk",
            "dimension3d": [
                3.3,
                1.8,
                1.6
            ],
            "label_certainty": 1,
            "measured_by": {
                "Camera": 1,
                "Lidar": 1,
                "Radar": 1
            },
            "object_id": -1,
            "occlusion": 1,
            "orientation_quat": [
                -0.011668196543553779,
                0.01804631064689021,
                -0.0319507365193854,
                -0.999258392157567
            ],
            "score": -1.0
        },
        {
            "center3d": [
                33.73,
                7.52,
                0.14
            ],
            "classname": "Car",
            "created_by": "g.kuschk",
            "dimension3d": [
                4.0,
                1.8,
                1.84
            ],
            "label_certainty": 0,
            "measured_by": {
                "Camera": 1,
                "Lidar": 1,
                "Radar": 1
            },
            "object_id": -1,
            "occlusion": 0,
            "orientation_quat": [
                -0.013880856852380444,
                0.018117761321289057,
                -0.03191355534641943,
                -0.9992300003116897
            ],
            "score": -1.0
        },
        {
            "center3d": [
                47.31,
                -1.3,
                1.18
            ],
            "classname": "Car",
            "created_by": "g.kuschk",
            "dimension3d": [
                4.0,
                1.97,
                1.76
            ],
            "label_certainty": 1,
            "measured_by": {
                "Camera": 1,
                "Lidar": 1,
                "Radar": 1
            },
            "object_id": -1,
            "occlusion": 1,
            "orientation_quat": [
                0.9990465311984655,
                -0.03173021801422308,
                -0.01842883468904629,
                -0.023655862213986016
            ],
            "score": -1.0
        },
        {
            "center3d": [
                57.77,
                7.42,
                1.14
            ],
            "classname": "Car",
            "created_by": "g.kuschk",
            "dimension3d": [
                4.0,
                1.8,
                1.82
            ],
            "label_certainty": 1,
            "measured_by": {
                "Camera": 1,
                "Lidar": 1,
                "Radar": 1
            },
            "object_id": -1,
            "occlusion": 0,
            "orientation_quat": [
                -0.011473395087253237,
                0.018040350612838492,
                -0.03195618787892861,
                -0.9992605811354637
            ],
            "score": -1.0
        },
        {
            "center3d": [
                64.93,
                10.37,
                1.3
            ],
            "classname": "Car",
            "created_by": "g.kuschk",
            "dimension3d": [
                4.0,
                1.8,
                1.86
            ],
            "label_certainty": 1,
            "measured_by": {
                "Camera": 1,
                "Lidar": 1,
                "Radar": 1
            },
            "object_id": -1,
            "occlusion": 0,
            "orientation_quat": [
                -0.016086388642363912,
                0.018187223249651684,
                -0.031873722419006455,
                -0.999196936959912
            ],
            "score": -1.0
        },
        {
            "center3d": [
                60.37,
                1.6,
                1.58
            ],
            "classname": "Car",
            "created_by": "g.kuschk",
            "dimension3d": [
                4.0,
                1.8,
                1.5
            ],
            "label_certainty": 1,
            "measured_by": {
                "Camera": 1,
                "Lidar": 1,
                "Radar": 1
            },
            "object_id": -1,
            "occlusion": 0,
            "orientation_quat": [
                0.9990465311984655,
                -0.03173021801422315,
                -0.018428834689046304,
                -0.02365586221398604
            ],
            "score": -1.0
        },
        {
            "center3d": [
                81.04,
                1.03,
                2.43
            ],
            "classname": "Car",
            "created_by": "g.kuschk",
            "dimension3d": [
                4.0,
                1.8,
                1.5
            ],
            "label_certainty": 2,
            "measured_by": {
                "Camera": 1,
                "Lidar": 1,
                "Radar": 1
            },
            "object_id": -1,
            "occlusion": 1,
            "orientation_quat": [
                0.9993242291850203,
                -0.032131898168519274,
                -0.017736747956097827,
                -0.0020084461145066187
            ],
            "score": -1.0
        }
    ]
}