{
    "frame_flag": "",
    "frame_index": 50,
    "header": "Astyx Version_01_00",
    "objects": [
        {
            "center3d": [
                9.48,
                4.03,
                -0.56
            ],
            "classname": "Car",
            "created_by": "g.kuschk",
            "dimension3d": [
                4.19,
                1.83,
                1.57
            ],
            "label_certainty": 0,
            "measured_by": {
                "Camera": 1,
                "Lidar": 1,
                "Radar": 1
            },
            "object_id": -1,
            "occlusion": 1,
            "orientation_quat": [
                0.9983568036977982,
                -0.03249446703098767,
                -0.02562402588016162,
                0.039638509310781736
            ],
            "score": -1.0
        },
        {
            "center3d": [
                25.15,
                1.84,
                0.64
            ],
            "classname": "Truck",
            "created_by": "g.kuschk",
            "dimension3d": [
                5.41,
                2.21,
                2.48
            ],
            "label_certainty": 0,
            "measured_by": {
                "Camera": 1,
                "Lidar": 1,
                "Radar": 1
            },
            "object_id": -1,
            "occlusion": 0,
            "orientation_quat": [
                0.9977349061906071,
                -0.03311569377427107,
                -0.015830268158065156,
                0.0563720711408844
            ],
            "score": -1.0
        },
        {
            "center3d": [
                65.28,
                11.08,
                1.81
            ],
            "classname": "Car",
            "created_by": "g.kuschk",
            "dimension3d": [
                4.01,
                1.71,
                1.85
            ],
            "label_certainty": 2,
            "measured_by": {
                "Camera": 1,
                "Lidar": 1,
                "Radar": 1
            },
            "object_id": -1,
            "occlusion": 0,
            "orientation_quat": [
                0.9959126500287323,
                -0.03351147243287509,
                -0.01495647572131189,
                0.08253047050711966
            ],
            "score": -1.0
        }
    ]
}