{
    "frame_flag": "",
    "frame_index": 500,
    "header": "Astyx Version_01_00",
    "objects": [
        {
            "center3d": [
                24.45757583925207,
                -3.726232545125943,
                1.1747915073445037
            ],
            "classname": "Car",
            "created_by": "g.kuschk",
            "dimension3d": [
                4.996773238966176,
                1.8534438542822698,
                2.067839416719241
            ],
            "label_certainty": 0,
            "measured_by": {
                "Camera": 1,
                "Lidar": 1,
                "Radar": 1
            },
            "object_id": -1,
            "occlusion": 0,
            "orientation_quat": [
                0.9757925229411656,
                -0.02661864433626751,
                -0.030082988300701836,
                -0.21497770526432267
            ],
            "score": -1.0
        },
        {
            "center3d": [
                38.30117554752334,
                -8.786789574463146,
                2.2013343547810713
            ],
            "classname": "Car",
            "created_by": "g.kuschk",
            "dimension3d": [
                4.083249908083336,
                1.7300441287457697,
                1.493769005761884
            ],
            "label_certainty": 2,
            "measured_by": {
                "Camera": 1,
                "Lidar": 1,
                "Radar": 1
            },
            "object_id": -1,
            "occlusion": 1,
            "orientation_quat": [
                0.996025120437341,
                -0.03295835291310289,
                -0.03967820673986557,
                -0.07261781008089124
            ],
            "score": -1.0
        },
        {
            "center3d": [
                32.01,
                16.24,
                -0.2
            ],
            "classname": "Car",
            "created_by": "g.kuschk",
            "dimension3d": [
                4.3,
                2.14,
                2.08
            ],
            "label_certainty": 2,
            "measured_by": {
                "Camera": 1,
                "Lidar": 1,
                "Radar": 1
            },
            "object_id": -1,
            "occlusion": 0,
            "orientation_quat": [
                -0.15507577031399486,
                -0.010844816754598242,
                0.05041503271051642,
                0.9865557358243264
            ],
            "score": -1.0
        },
        {
            "center3d": [
                76.93876507083583,
                3.1500397015289714,
                3.1533726430246887
            ],
            "classname": "Car",
            "created_by": "g.kuschk",
            "dimension3d": [
                4.3213953705343195,
                1.8,
                1.4034176766169035
            ],
            "label_certainty": 2,
            "measured_by": {
                "Camera": 1,
                "Lidar": 1,
                "Radar": 1
            },
            "object_id": -1,
            "occlusion": 0,
            "orientation_quat": [
                0.999216850715774,
                -0.027869668996211943,
                -0.016769732404680097,
                0.022533150484729432
            ],
            "score": -1.0
        },
        {
            "center3d": [
                96.98593021229739,
                5.2995752419843996,
                4.172192759938359
            ],
            "classname": "Car",
            "created_by": "g.kuschk",
            "dimension3d": [
                4.0,
                1.8,
                1.5
            ],
            "label_certainty": 2,
            "measured_by": {
                "Camera": 1,
                "Lidar": 1,
                "Radar": 1
            },
            "object_id": -1,
            "occlusion": 0,
            "orientation_quat": [
                0.9984792567644698,
                -0.031224469339538586,
                -0.0371650733871597,
                0.026133573151470798
            ],
            "score": -1.0
        }
    ]
}