{
    "frame_flag": "",
    "frame_index": 493,
    "header": "Astyx Version_01_00",
    "objects": [
        {
            "center3d": [
                6.86,
                4.75,
                -1.0
            ],
            "classname": "Car",
            "created_by": "g.kuschk",
            "dimension3d": [
                4.28,
                1.86,
                1.48
            ],
            "label_certainty": 0,
            "measured_by": {
                "Camera": 1,
                "Lidar": 1,
                "Radar": 1
            },
            "object_id": -1,
            "occlusion": 1,
            "orientation_quat": [
                0.035733528057165835,
                0.017686237733456366,
                -0.06589613065330929,
                -0.9970295943111948
            ],
            "score": -1.0
        },
        {
            "center3d": [
                16.72,
                5.5,
                -0.49
            ],
            "classname": "Car",
            "created_by": "g.kuschk",
            "dimension3d": [
                4.09,
                1.83,
                1.5
            ],
            "label_certainty": 0,
            "measured_by": {
                "Camera": 1,
                "Lidar": 1,
                "Radar": 1
            },
            "object_id": -1,
            "occlusion": 0,
            "orientation_quat": [
                0.05457707677786359,
                0.018839509315801667,
                -0.06899171451830542,
                -0.9959450581768794
            ],
            "score": -1.0
        },
        {
            "center3d": [
                27.79229186866299,
                -0.8614929801159001,
                0.9776393443740299
            ],
            "classname": "Car",
            "created_by": "g.kuschk",
            "dimension3d": [
                5.020563322222892,
                1.8589544625620393,
                2.01
            ],
            "label_certainty": 0,
            "measured_by": {
                "Camera": 1,
                "Lidar": 1,
                "Radar": 1
            },
            "object_id": -1,
            "occlusion": 0,
            "orientation_quat": [
                0.9932669713229731,
                -0.053308216098505834,
                -0.019738718553473603,
                -0.10094226451368077
            ],
            "score": -1.0
        },
        {
            "center3d": [
                41.42,
                -7.41,
                2.21
            ],
            "classname": "Car",
            "created_by": "g.kuschk",
            "dimension3d": [
                4.0,
                1.8,
                1.81
            ],
            "label_certainty": 2,
            "measured_by": {
                "Camera": 1,
                "Lidar": 1,
                "Radar": 1
            },
            "object_id": -1,
            "occlusion": 0,
            "orientation_quat": [
                0.9523112581400882,
                -0.043859065748489884,
                -0.02285570603832552,
                -0.30109345172687113
            ],
            "score": -1.0
        },
        {
            "center3d": [
                52.58,
                17.71,
                0.78
            ],
            "classname": "Car",
            "created_by": "g.kuschk",
            "dimension3d": [
                4.9,
                1.8,
                2.07
            ],
            "label_certainty": 2,
            "measured_by": {
                "Camera": 1,
                "Lidar": 1,
                "Radar": 1
            },
            "object_id": -1,
            "occlusion": 1,
            "orientation_quat": [
                0.13517463987631742,
                -0.05446619142151688,
                0.007442110835391836,
                0.9892956412077516
            ],
            "score": -1.0
        }
    ]
}