{
    "frame_flag": "",
    "frame_index": 538,
    "header": "Astyx Version_01_00",
    "objects": [
        {
            "center3d": [
                13.06,
                8.75,
                -0.99
            ],
            "classname": "Car",
            "created_by": "unknown",
            "dimension3d": [
                4.33,
                1.8,
                1.83
            ],
            "label_certainty": 1,
            "measured_by": {
                "Camera": 1,
                "Lidar": 1,
                "Radar": 1
            },
            "object_id": -1,
            "occlusion": 1,
            "orientation_quat": [
                0.6192866083928976,
                -0.03378649919170338,
                0.014329064372150294,
                0.7843068577105583
            ],
            "score": -1.0
        },
        {
            "center3d": [
                18.52,
                -3.02,
                0.37
            ],
            "classname": "Car",
            "created_by": "unknown",
            "dimension3d": [
                3.9,
                1.8,
                1.46
            ],
            "label_certainty": 0,
            "measured_by": {
                "Camera": 1,
                "Lidar": 1,
                "Radar": 1
            },
            "object_id": -1,
            "occlusion": 0,
            "orientation_quat": [
                0.42990126451844357,
                -0.04404221776429007,
                0.02823562458033218,
                0.9013589381175541
            ],
            "score": -1.0
        },
        {
            "center3d": [
                24.38,
                -10.23,
                1.38
            ],
            "classname": "Car",
            "created_by": "unknown",
            "dimension3d": [
                3.31,
                1.63,
                1.5
            ],
            "label_certainty": 0,
            "measured_by": {
                "Camera": 1,
                "Lidar": 1,
                "Radar": 1
            },
            "object_id": -1,
            "occlusion": 0,
            "orientation_quat": [
                0.4197463451136,
                -0.02953859022564519,
                0.021796312896399956,
                0.9068987805678086
            ],
            "score": -1.0
        }
    ]
}