{
    "frame_flag": "",
    "frame_index": 516,
    "header": "Astyx Version_01_00",
    "objects": [
        {
            "center3d": [
                20.93,
                -10.26,
                1.27
            ],
            "classname": "Car",
            "created_by": "unknown",
            "dimension3d": [
                2.54,
                1.95,
                1.63
            ],
            "label_certainty": 1,
            "measured_by": {
                "Camera": 1,
                "Lidar": 1,
                "Radar": 1
            },
            "object_id": -1,
            "occlusion": 1,
            "orientation_quat": [
                0.4470008254279176,
                -0.030186400203290303,
                0.02086700621268214,
                0.8937805163244761
            ],
            "score": -1.0
        },
        {
            "center3d": [
                13.737883340462151,
                0.03372707093599381,
                -0.1523887756749585
            ],
            "classname": "Car",
            "created_by": "unknown",
            "dimension3d": [
                4.24,
                1.8,
                1.7156072082640177
            ],
            "label_certainty": 0,
            "measured_by": {
                "Camera": 1,
                "Lidar": 1,
                "Radar": 1
            },
            "object_id": -1,
            "occlusion": 0,
            "orientation_quat": [
                0.4999284034052837,
                -0.03869313288560015,
                0.022705225053010064,
                0.8649039864004753
            ],
            "score": -1.0
        },
        {
            "center3d": [
                34.35,
                21.18,
                -2.3
            ],
            "classname": "Car",
            "created_by": "unknown",
            "dimension3d": [
                4.0,
                1.8,
                1.5
            ],
            "label_certainty": 2,
            "measured_by": {
                "Camera": 1,
                "Lidar": 1,
                "Radar": 1
            },
            "object_id": -1,
            "occlusion": 2,
            "orientation_quat": [
                0.9425194374598571,
                -0.03620857850691198,
                -0.005981694641158628,
                0.332129896549653
            ],
            "score": -1.0
        }
    ]
}