{
    "frame_flag": "",
    "frame_index": 539,
    "header": "Astyx Version_01_00",
    "objects": [
        {
            "center3d": [
                12.69,
                8.55,
                -0.9
            ],
            "classname": "Car",
            "created_by": "unknown",
            "dimension3d": [
                4.42,
                1.8,
                1.83
            ],
            "label_certainty": 0,
            "measured_by": {
                "Camera": 1,
                "Lidar": 1,
                "Radar": 1
            },
            "object_id": -1,
            "occlusion": 1,
            "orientation_quat": [
                0.6461322115209713,
                -0.03426237651805581,
                0.013149829909266442,
                0.7623426636124409
            ],
            "score": -1.0
        },
        {
            "center3d": [
                17.38959626900484,
                -3.7754422763145294,
                0.39027368542070767
            ],
            "classname": "Car",
            "created_by": "unknown",
            "dimension3d": [
                3.7990375062761528,
                1.8,
                1.5314753931501315
            ],
            "label_certainty": 0,
            "measured_by": {
                "Camera": 1,
                "Lidar": 1,
                "Radar": 1
            },
            "object_id": -1,
            "occlusion": 0,
            "orientation_quat": [
                0.4652420076896233,
                -0.04512263709313035,
                0.026475919575102362,
                0.8836361511308503
            ],
            "score": -1.0
        },
        {
            "center3d": [
                22.72,
                -10.97,
                1.45
            ],
            "classname": "Car",
            "created_by": "unknown",
            "dimension3d": [
                3.34,
                1.63,
                1.5
            ],
            "label_certainty": 1,
            "measured_by": {
                "Camera": 1,
                "Lidar": 1,
                "Radar": 1
            },
            "object_id": -1,
            "occlusion": 0,
            "orientation_quat": [
                0.4381907053462486,
                -0.029977006177678043,
                0.02119039256831847,
                0.898132090569968
            ],
            "score": -1.0
        }
    ]
}