{
    "frame_flag": "",
    "frame_index": 504,
    "header": "Astyx Version_01_00",
    "objects": [
        {
            "center3d": [
                16.442943304211855,
                10.17745224074805,
                -0.8913521184517111
            ],
            "classname": "Car",
            "created_by": "g.kuschk",
            "dimension3d": [
                5.022531626290485,
                1.94,
                2.02
            ],
            "label_certainty": 1,
            "measured_by": {
                "Camera": 1,
                "Lidar": 1,
                "Radar": 1
            },
            "object_id": -1,
            "occlusion": 1,
            "orientation_quat": [
                0.9612051486751019,
                -0.035773009612530694,
                -0.008202743869696015,
                0.2733819104051058
            ],
            "score": -1.0
        },
        {
            "center3d": [
                37.706173467404575,
                17.81596165410493,
                -1.1251947569674734
            ],
            "classname": "Car",
            "created_by": "g.kuschk",
            "dimension3d": [
                3.8007133972085123,
                1.8,
                1.5
            ],
            "label_certainty": 2,
            "measured_by": {
                "Camera": 1,
                "Lidar": 1,
                "Radar": 1
            },
            "object_id": -1,
            "occlusion": 0,
            "orientation_quat": [
                0.9973140315922244,
                -0.04464329878145561,
                -0.005741460672320037,
                0.057781778204909595
            ],
            "score": -1.0
        },
        {
            "center3d": [
                32.03,
                4.02,
                -0.28
            ],
            "classname": "Car",
            "created_by": "g.kuschk",
            "dimension3d": [
                6.36,
                1.91,
                2.44
            ],
            "label_certainty": 1,
            "measured_by": {
                "Camera": 1,
                "Lidar": 1,
                "Radar": 1
            },
            "object_id": -1,
            "occlusion": 1,
            "orientation_quat": [
                0.7702400973726853,
                -0.015597642721847401,
                -0.03659158055368319,
                -0.6365123425145982
            ],
            "score": -1.0
        }
    ]
}