{
    "frame_flag": "",
    "frame_index": 386,
    "header": "Astyx Version_01_00",
    "objects": [
        {
            "center3d": [
                31.948744110503302,
                5.736070435012884,
                0.2632271746832935
            ],
            "classname": "Car",
            "created_by": "g.kuschk",
            "dimension3d": [
                4.150841967728397,
                1.7876418762032529,
                1.4520641078213181
            ],
            "label_certainty": 0,
            "measured_by": {
                "Camera": 1,
                "Lidar": 1,
                "Radar": 1
            },
            "object_id": -1,
            "occlusion": 0,
            "orientation_quat": [
                0.11365466094587864,
                -0.02237001815835769,
                0.024763037726065,
                0.9929597133295236
            ],
            "score": -1.0
        },
        {
            "center3d": [
                10.40499747874762,
                0.07745449715510344,
                -0.0805521309682255
            ],
            "classname": "Car",
            "created_by": "g.kuschk",
            "dimension3d": [
                5.043113057911991,
                1.8942531070011983,
                1.896455530509364
            ],
            "label_certainty": 0,
            "measured_by": {
                "Camera": 1,
                "Lidar": 1,
                "Radar": 1
            },
            "object_id": -1,
            "occlusion": 0,
            "orientation_quat": [
                0.9994222650384883,
                -0.027257317687742914,
                -0.019236080489032432,
                0.006492147967089917
            ],
            "score": -1.0
        },
        {
            "center3d": [
                18.6,
                -3.71,
                0.32
            ],
            "classname": "Car",
            "created_by": "g.kuschk",
            "dimension3d": [
                4.32,
                1.81,
                1.4
            ],
            "label_certainty": 0,
            "measured_by": {
                "Camera": 1,
                "Lidar": 1,
                "Radar": 1
            },
            "object_id": -1,
            "occlusion": 1,
            "orientation_quat": [
                0.9994293376069535,
                -0.027031257274236928,
                -0.01955559271966661,
                -0.005281008812971239
            ],
            "score": -1.0
        },
        {
            "center3d": [
                19.67,
                6.71,
                0.11
            ],
            "classname": "Car",
            "created_by": "g.kuschk",
            "dimension3d": [
                6.72,
                1.96,
                2.5
            ],
            "label_certainty": 0,
            "measured_by": {
                "Camera": 1,
                "Lidar": 1,
                "Radar": 1
            },
            "object_id": -1,
            "occlusion": 0,
            "orientation_quat": [
                -0.020345536966794572,
                -0.02203662608738982,
                0.02746213881624703,
                0.9991727964510716
            ],
            "score": -1.0
        },
        {
            "center3d": [
                21.76,
                9.8,
                -0.62
            ],
            "classname": "Car",
            "created_by": "g.kuschk",
            "dimension3d": [
                3.85,
                1.67,
                1.5
            ],
            "label_certainty": 1,
            "measured_by": {
                "Camera": 1,
                "Lidar": 1,
                "Radar": 1
            },
            "object_id": -1,
            "occlusion": 1,
            "orientation_quat": [
                0.0040724947056228105,
                0.017541156281669638,
                -0.032233287329832945,
                -0.9993181364365841
            ],
            "score": -1.0
        },
        {
            "center3d": [
                37.215133230315196,
                7.464142443057887,
                0.34312309085924764
            ],
            "classname": "Car",
            "created_by": "g.kuschk",
            "dimension3d": [
                4.0,
                1.7449281776152796,
                1.5
            ],
            "label_certainty": 1,
            "measured_by": {
                "Camera": 1,
                "Lidar": 1,
                "Radar": 1
            },
            "object_id": -1,
            "occlusion": 2,
            "orientation_quat": [
                0.19272766292498902,
                -0.023537184894579986,
                0.02816847661979078,
                0.9805654418730199
            ],
            "score": -1.0
        },
        {
            "center3d": [
                10.55,
                -3.62,
                0.49
            ],
            "classname": "Car",
            "created_by": "g.kuschk",
            "dimension3d": [
                6.71,
                2.01,
                2.47
            ],
            "label_certainty": 0,
            "measured_by": {
                "Camera": 1,
                "Lidar": 1,
                "Radar": 1
            },
            "object_id": -1,
            "occlusion": 0,
            "orientation_quat": [
                0.9991565307304486,
                -0.03228334489921795,
                -0.023014939433812342,
                0.01069230114008013
            ],
            "score": -1.0
        },
        {
            "center3d": [
                61.759735771305614,
                6.979256469326865,
                1.7841194693516822
            ],
            "classname": "Car",
            "created_by": "g.kuschk",
            "dimension3d": [
                3.998045775334145,
                1.9133542124424463,
                2.194076877278442
            ],
            "label_certainty": 2,
            "measured_by": {
                "Camera": 1,
                "Lidar": 1,
                "Radar": 1
            },
            "object_id": -1,
            "occlusion": 2,
            "orientation_quat": [
                -0.039848557899056856,
                0.018940525384456793,
                -0.031429636912035264,
                -0.9985316854537486
            ],
            "score": -1.0
        }
    ]
}