{
    "frame_flag": "",
    "frame_index": 593,
    "header": "Astyx Version_01_00",
    "objects": [
        {
            "center3d": [
                13.7,
                -0.4,
                -0.02
            ],
            "classname": "Car",
            "created_by": "m.meyer",
            "dimension3d": [
                4.42,
                1.85,
                1.59
            ],
            "label_certainty": 1,
            "measured_by": {
                "Camera": 1,
                "Lidar": 1,
                "Radar": 1
            },
            "object_id": -1,
            "occlusion": 0,
            "orientation_quat": [
                0.9991279543995668,
                -0.03179987500688875,
                -0.018309871319335813,
                -0.01992102655871108
            ],
            "score": -1.0
        },
        {
            "center3d": [
                62.37066346936638,
                5.6,
                1.8
            ],
            "classname": "Car",
            "created_by": "m.meyer",
            "dimension3d": [
                4.0,
                1.98,
                2.01
            ],
            "label_certainty": 2,
            "measured_by": {
                "Camera": 1,
                "Lidar": 1,
                "Radar": 1
            },
            "object_id": -1,
            "occlusion": 0,
            "orientation_quat": [
                -0.01502224845172113,
                0.02289001912400331,
                -0.05186325741540452,
                -0.9982788095548364
            ],
            "score": -1.0
        },
        {
            "center3d": [
                67.41,
                2.63,
                2.27
            ],
            "classname": "Car",
            "created_by": "m.meyer",
            "dimension3d": [
                4.0,
                1.83,
                1.75
            ],
            "label_certainty": 2,
            "measured_by": {
                "Camera": 1,
                "Lidar": 1,
                "Radar": 1
            },
            "object_id": -1,
            "occlusion": 1,
            "orientation_quat": [
                -0.0019732970202004946,
                0.019613795857531913,
                -0.03514371966600047,
                -0.9991878322312411
            ],
            "score": -1.0
        }
    ]
}