{
    "frame_flag": "",
    "frame_index": 595,
    "header": "Astyx Version_01_00",
    "objects": [
        {
            "center3d": [
                14.18,
                -0.39,
                0.02
            ],
            "classname": "Car",
            "created_by": "m.meyer",
            "dimension3d": [
                4.42,
                1.85,
                1.59
            ],
            "label_certainty": 1,
            "measured_by": {
                "Camera": 1,
                "Lidar": 1,
                "Radar": 1
            },
            "object_id": -1,
            "occlusion": 0,
            "orientation_quat": [
                0.9992488714358169,
                -0.031940326355938506,
                -0.01807124868862436,
                -0.01244742774055521
            ],
            "score": -1.0
        },
        {
            "center3d": [
                59.187703623256496,
                5.765757522993376,
                1.6000000000000005
            ],
            "classname": "Car",
            "created_by": "m.meyer",
            "dimension3d": [
                4.0,
                1.98,
                2.01
            ],
            "label_certainty": 2,
            "measured_by": {
                "Camera": 1,
                "Lidar": 1,
                "Radar": 1
            },
            "object_id": -1,
            "occlusion": 0,
            "orientation_quat": [
                -0.014485095037621423,
                0.02323365975892564,
                -0.028600561954555844,
                -0.9992158860485763
            ],
            "score": -1.0
        },
        {
            "center3d": [
                66.5,
                2.49,
                2.0
            ],
            "classname": "Car",
            "created_by": "m.meyer",
            "dimension3d": [
                4.0,
                2.1,
                2.08
            ],
            "label_certainty": 2,
            "measured_by": {
                "Camera": 1,
                "Lidar": 1,
                "Radar": 1
            },
            "object_id": -1,
            "occlusion": 1,
            "orientation_quat": [
                -0.0005447558153665599,
                0.03228715812592478,
                -0.02841395346222847,
                -0.9990745166952761
            ],
            "score": -1.0
        }
    ]
}