{
    "frame_flag": "",
    "frame_index": 534,
    "header": "Astyx Version_01_00",
    "objects": [
        {
            "center3d": [
                15.58,
                10.52,
                -1.1
            ],
            "classname": "Car",
            "created_by": "m.meyer",
            "dimension3d": [
                4.46,
                1.8,
                1.68
            ],
            "label_certainty": 1,
            "measured_by": {
                "Camera": 1,
                "Lidar": 1,
                "Radar": 1
            },
            "object_id": -1,
            "occlusion": 1,
            "orientation_quat": [
                0.41569486319587573,
                -0.029441380472887635,
                0.021910652170301245,
                0.9087633955820872
            ],
            "score": -1.0
        },
        {
            "center3d": [
                25.03,
                2.21,
                -0.08
            ],
            "classname": "Car",
            "created_by": "m.meyer",
            "dimension3d": [
                3.85,
                1.8,
                1.58
            ],
            "label_certainty": 1,
            "measured_by": {
                "Camera": 1,
                "Lidar": 1,
                "Radar": 1
            },
            "object_id": -1,
            "occlusion": 0,
            "orientation_quat": [
                0.27478495105240247,
                -0.02583249979413007,
                0.026063658005638927,
                0.9608051823137094
            ],
            "score": -1.0
        },
        {
            "center3d": [
                34.17718427397102,
                -3.3062890367308952,
                0.8911110703382381
            ],
            "classname": "Car",
            "created_by": "m.meyer",
            "dimension3d": [
                2.810404940939713,
                1.5676659978850676,
                1.5
            ],
            "label_certainty": 1,
            "measured_by": {
                "Camera": 1,
                "Lidar": 1,
                "Radar": 1
            },
            "object_id": -1,
            "occlusion": 0,
            "orientation_quat": [
                0.2757403506931999,
                -0.02585551355946263,
                0.026049242687037417,
                0.9605312011452827
            ],
            "score": -1.0
        }
    ]
}