{
    "frame_flag": "",
    "frame_index": 498,
    "header": "Astyx Version_01_00",
    "objects": [
        {
            "center3d": [
                25.38718044697355,
                -2.83177749897866,
                0.9792931641081433
            ],
            "classname": "Car",
            "created_by": "g.kuschk",
            "dimension3d": [
                4.986114035821877,
                1.8616565119910973,
                2.0877793299873133
            ],
            "label_certainty": 0,
            "measured_by": {
                "Camera": 1,
                "Lidar": 1,
                "Radar": 1
            },
            "object_id": -1,
            "occlusion": 0,
            "orientation_quat": [
                0.9792347365613585,
                -0.02710430925857324,
                -0.029638941477415987,
                -0.19871139946998712
            ],
            "score": -1.0
        },
        {
            "center3d": [
                39.13816164618953,
                -8.628884064909926,
                2.1257518789848384
            ],
            "classname": "Car",
            "created_by": "g.kuschk",
            "dimension3d": [
                4.058741378806866,
                1.8991139698153925,
                1.550156001276592
            ],
            "label_certainty": 2,
            "measured_by": {
                "Camera": 1,
                "Lidar": 1,
                "Radar": 1
            },
            "object_id": -1,
            "occlusion": 1,
            "orientation_quat": [
                0.9950206939506425,
                -0.030850844082608197,
                -0.01579400065231081,
                -0.0934483470841907
            ],
            "score": -1.0
        },
        {
            "center3d": [
                36.90195916325944,
                16.615907846906623,
                -0.14114448130449686
            ],
            "classname": "Car",
            "created_by": "g.kuschk",
            "dimension3d": [
                4.640749988280686,
                1.86,
                2.06
            ],
            "label_certainty": 2,
            "measured_by": {
                "Camera": 1,
                "Lidar": 1,
                "Radar": 1
            },
            "object_id": -1,
            "occlusion": 0,
            "orientation_quat": [
                -0.05366651683200959,
                -0.02805231075624461,
                0.04838991065558125,
                0.9969911681550141
            ],
            "score": -1.0
        }
    ]
}