{
    "frame_flag": "",
    "frame_index": 682,
    "header": "Astyx Version_01_00",
    "objects": [
        {
            "center3d": [
                17.173978391532863,
                0.6502427868347866,
                -0.14683765367768528
            ],
            "classname": "Car",
            "created_by": "s.moeller",
            "dimension3d": [
                4.106539063669436,
                1.6511154694307624,
                1.4350199985110463
            ],
            "label_certainty": 0,
            "measured_by": {
                "Camera": 1,
                "Lidar": 1,
                "Radar": 1
            },
            "object_id": -1,
            "occlusion": 0,
            "orientation_quat": [
                -0.09615413509235696,
                0.01864430558508989,
                -0.030349636370647533,
                -0.9947289438565966
            ],
            "score": -1.0
        },
        {
            "center3d": [
                19.183637795936065,
                -9.723956531668021,
                0.4151155200909751
            ],
            "classname": "Car",
            "created_by": "s.moeller",
            "dimension3d": [
                3.4707508725941176,
                1.8,
                1.44
            ],
            "label_certainty": 0,
            "measured_by": {
                "Camera": 1,
                "Lidar": 1,
                "Radar": 1
            },
            "object_id": -1,
            "occlusion": 0,
            "orientation_quat": [
                0.9953164843653641,
                -0.01606598522109414,
                -0.013390379110834643,
                -0.09438049489547945
            ],
            "score": -1.0
        },
        {
            "center3d": [
                43.483716142576775,
                -13.18082894087854,
                1.79
            ],
            "classname": "Car",
            "created_by": "s.moeller",
            "dimension3d": [
                4.38,
                1.8,
                1.5
            ],
            "label_certainty": 1,
            "measured_by": {
                "Camera": 1,
                "Lidar": 1,
                "Radar": 1
            },
            "object_id": -1,
            "occlusion": 1,
            "orientation_quat": [
                0.9972183160952971,
                -0.016358317780167837,
                -0.018898552111652145,
                -0.07022022651306656
            ],
            "score": -1.0
        },
        {
            "center3d": [
                40.39065781233855,
                -1.6212736081323798,
                1.175532640299617
            ],
            "classname": "Car",
            "created_by": "s.moeller",
            "dimension3d": [
                4.0,
                1.8,
                1.64
            ],
            "label_certainty": 1,
            "measured_by": {
                "Camera": 1,
                "Lidar": 1,
                "Radar": 1
            },
            "object_id": -1,
            "occlusion": 1,
            "orientation_quat": [
                0.11109411570807132,
                -0.02759536339304371,
                0.02318303114467523,
                0.9931561510866218
            ],
            "score": -1.0
        },
        {
            "center3d": [
                56.23,
                -20.21,
                2.75
            ],
            "classname": "Car",
            "created_by": "s.moeller",
            "dimension3d": [
                4.21,
                1.8,
                1.52
            ],
            "label_certainty": 1,
            "measured_by": {
                "Camera": 1,
                "Lidar": 1,
                "Radar": 1
            },
            "object_id": -1,
            "occlusion": 1,
            "orientation_quat": [
                0.9915825351805432,
                -0.022670852804912496,
                -0.016923467315467407,
                -0.12634755483208748
            ],
            "score": -1.0
        },
        {
            "center3d": [
                46.27713817844729,
                -3.143009512133122,
                1.48
            ],
            "classname": "Car",
            "created_by": "s.moeller",
            "dimension3d": [
                4.0,
                1.66,
                1.5
            ],
            "label_certainty": 1,
            "measured_by": {
                "Camera": 1,
                "Lidar": 1,
                "Radar": 1
            },
            "object_id": -1,
            "occlusion": 1,
            "orientation_quat": [
                0.12093729370046225,
                -0.022401135116820067,
                0.022858385514140954,
                0.9921440693516105
            ],
            "score": -1.0
        },
        {
            "center3d": [
                56.94336899253762,
                -5.4367119284223895,
                2.1
            ],
            "classname": "Car",
            "created_by": "s.moeller",
            "dimension3d": [
                3.62,
                1.65,
                1.43
            ],
            "label_certainty": 1,
            "measured_by": {
                "Camera": 1,
                "Lidar": 1,
                "Radar": 1
            },
            "object_id": -1,
            "occlusion": 1,
            "orientation_quat": [
                0.12088163407203296,
                -0.027966912426417495,
                0.018497570626643183,
                0.9921004597490723
            ],
            "score": -1.0
        },
        {
            "center3d": [
                63.21608586000152,
                -7.073868412142594,
                2.46
            ],
            "classname": "Car",
            "created_by": "s.moeller",
            "dimension3d": [
                3.64,
                1.63,
                1.44
            ],
            "label_certainty": 2,
            "measured_by": {
                "Camera": 1,
                "Lidar": 1,
                "Radar": 1
            },
            "object_id": -1,
            "occlusion": 1,
            "orientation_quat": [
                0.13065589220839274,
                -0.02843417363457317,
                0.013821885863355003,
                0.990923554605565
            ],
            "score": -1.0
        },
        {
            "center3d": [
                63.78829112748684,
                -17.737488502602822,
                2.98423195270381
            ],
            "classname": "Car",
            "created_by": "s.moeller",
            "dimension3d": [
                3.71,
                1.7,
                1.5
            ],
            "label_certainty": 2,
            "measured_by": {
                "Camera": 1,
                "Lidar": 1,
                "Radar": 1
            },
            "object_id": -1,
            "occlusion": 1,
            "orientation_quat": [
                0.9951798180535729,
                -0.002371182199706612,
                -0.024884679975693352,
                -0.09482752731322619
            ],
            "score": -1.0
        },
        {
            "center3d": [
                82.43,
                -21.71,
                4.12
            ],
            "classname": "Car",
            "created_by": "s.moeller",
            "dimension3d": [
                4.31,
                1.8,
                1.43
            ],
            "label_certainty": 2,
            "measured_by": {
                "Camera": 1,
                "Lidar": 1,
                "Radar": 1
            },
            "object_id": -1,
            "occlusion": 1,
            "orientation_quat": [
                0.9931706735746243,
                -0.002306172545569026,
                -0.02990671497487067,
                -0.11274876105274659
            ],