{
    "frame_flag": "",
    "frame_index": 674,
    "header": "Astyx Version_01_00",
    "objects": [
        {
            "center3d": [
                31.38,
                5.15,
                0.5
            ],
            "classname": "Car",
            "created_by": "g.kuschk",
            "dimension3d": [
                4.1,
                1.8,
                1.79
            ],
            "label_certainty": 1,
            "measured_by": {
                "Camera": 1,
                "Lidar": 1,
                "Radar": 1
            },
            "object_id": -1,
            "occlusion": 0,
            "orientation_quat": [
                0.0025323847548714227,
                -0.027330722712819118,
                0.045248645256056055,
                0.9985986074123776
            ],
            "score": -1.0
        },
        {
            "center3d": [
                4.852263352524989,
                -3.7270113991591067,
                -0.378456475197681
            ],
            "classname": "Car",
            "created_by": "g.kuschk",
            "dimension3d": [
                4.332367993026237,
                1.8,
                1.4179055015502373
            ],
            "label_certainty": 1,
            "measured_by": {
                "Camera": 1,
                "Lidar": 1,
                "Radar": 1
            },
            "object_id": -1,
            "occlusion": 2,
            "orientation_quat": [
                0.9991802311946615,
                -0.03023448511798426,
                -0.024685042359895923,
                -0.01074198227160012
            ],
            "score": -1.0
        },
        {
            "center3d": [
                44.29043453788437,
                -10.445077447176383,
                2.6735439841127593
            ],
            "classname": "Car",
            "created_by": "g.kuschk",
            "dimension3d": [
                3.661222767808189,
                1.59804299324216,
                1.5039669895748051
            ],
            "label_certainty": 2,
            "measured_by": {
                "Camera": 1,
                "Lidar": 1,
                "Radar": 1
            },
            "object_id": -1,
            "occlusion": 1,
            "orientation_quat": [
                0.7177104817804013,
                -0.015525040269449385,
                -0.05614379409588194,
                -0.6939009380680324
            ],
            "score": -1.0
        },
        {
            "center3d": [
                41.01,
                5.25,
                0.89
            ],
            "classname": "Car",
            "created_by": "g.kuschk",
            "dimension3d": [
                4.22,
                1.8,
                1.5
            ],
            "label_certainty": 1,
            "measured_by": {
                "Camera": 1,
                "Lidar": 1,
                "Radar": 1
            },
            "object_id": -1,
            "occlusion": 1,
            "orientation_quat": [
                0.0006680606889402894,
                -0.028322696849283496,
                0.050901643726232404,
                0.9983017585900904
            ],
            "score": -1.0
        },
        {
            "center3d": [
                57.16,
                4.58,
                1.82
            ],
            "classname": "Car",
            "created_by": "g.kuschk",
            "dimension3d": [
                3.99,
                1.63,
                1.47
            ],
            "label_certainty": 0,
            "measured_by": {
                "Camera": 1,
                "Lidar": 1,
                "Radar": 1
            },
            "object_id": -1,
            "occlusion": 0,
            "orientation_quat": [
                0.0027961708944791567,
                -0.027926227402944787,
                0.05100953563071569,
                0.9983037285947132
            ],
            "score": -1.0
        },
        {
            "center3d": [
                45.681472168365715,
                -3.7286357342540617,
                1.9288698687157506
            ],
            "classname": "Car",
            "created_by": "g.kuschk",
            "dimension3d": [
                4.0,
                1.7,
                1.57
            ],
            "label_certainty": 1,
            "measured_by": {
                "Camera": 1,
                "Lidar": 1,
                "Radar": 1
            },
            "object_id": -1,
            "occlusion": 0,
            "orientation_quat": [
                0.9988803501623588,
                -0.041358248964973095,
                -0.022651124070058544,
                -0.003803666709601514
            ],
            "score": -1.0
        },
        {
            "center3d": [
                69.9701295967055,
                -6.99538478152991,
                3.524782893847389
            ],
            "classname": "Car",
            "created_by": "g.kuschk",
            "dimension3d": [
                4.26,
                1.82,
                1.6
            ],
            "label_certainty": 2,
            "measured_by": {
                "Camera": 1,
                "Lidar": 1,
                "Radar": 1
            },
            "object_id": -1,
            "occlusion": 0,
            "orientation_quat": [
                0.9991363521883857,
                -0.037152843527231486,
                -0.018557924708617658,
                -0.0013488454457435573
            ],
            "score": -1.0
        }
    ]
}