{
    "frame_flag": "",
    "frame_index": 729,
    "header": "Astyx Version_01_00",
    "objects": [
        {
            "center3d": [
                28.25,
                10.42,
                -0.37
            ],
            "classname": "Car",
            "created_by": "g.kuschk",
            "dimension3d": [
                3.35,
                1.54,
                1.5
            ],
            "label_certainty": 1,
            "measured_by": {
                "Camera": 1,
                "Lidar": 1,
                "Radar": 1
            },
            "object_id": -1,
            "occlusion": 0,
            "orientation_quat": [
                0.018281473987034797,
                0.01891341886995473,
                -0.027482309600303168,
                -0.9992761344866313
            ],
            "score": -1.0
        },
        {
            "center3d": [
                44.18,
                -0.28,
                1.31
            ],
            "classname": "Car",
            "created_by": "g.kuschk",
            "dimension3d": [
                4.23,
                1.72,
                1.62
            ],
            "label_certainty": 2,
            "measured_by": {
                "Camera": 1,
                "Lidar": 1,
                "Radar": 1
            },
            "object_id": -1,
            "occlusion": 1,
            "orientation_quat": [
                0.9979361803645032,
                -0.04535319496677227,
                -0.01897859023098243,
                0.04130715118059472
            ],
            "score": -1.0
        },
        {
            "center3d": [
                57.78,
                1.34,
                2.16
            ],
            "classname": "Car",
            "created_by": "g.kuschk",
            "dimension3d": [
                4.27,
                1.72,
                2.0
            ],
            "label_certainty": 2,
            "measured_by": {
                "Camera": 1,
                "Lidar": 1,
                "Radar": 1
            },
            "object_id": -1,
            "occlusion": 1,
            "orientation_quat": [
                0.9981830880997675,
                -0.03763895230087206,
                -0.018637732913006952,
                0.043202625072650616
            ],
            "score": -1.0
        },
        {
            "center3d": [
                53.99,
                13.93,
                0.62
            ],
            "classname": "Car",
            "created_by": "g.kuschk",
            "dimension3d": [
                4.07,
                1.82,
                1.72
            ],
            "label_certainty": 2,
            "measured_by": {
                "Camera": 1,
                "Lidar": 1,
                "Radar": 1
            },
            "object_id": -1,
            "occlusion": 1,
            "orientation_quat": [
                -0.5505160038389695,
                0.06048040703770798,
                -0.03128829649760596,
                -0.8320428428776988
            ],
            "score": -1.0
        },
        {
            "center3d": [
                50.45,
                7.93,
                1.85
            ],
            "classname": "Truck",
            "created_by": "g.kuschk",
            "dimension3d": [
                8.28,
                2.33,
                3.31
            ],
            "label_certainty": 0,
            "measured_by": {
                "Camera": 1,
                "Lidar": 1,
                "Radar": 1
            },
            "object_id": -1,
            "occlusion": 0,
            "orientation_quat": [
                -0.01977709410338885,
                -0.01928297529771447,
                0.048926079277411744,
                0.9984203885032766
            ],
            "score": -1.0
        },
        {
            "center3d": [
                29.38,
                1.63,
                0.66
            ],
            "classname": "Car",
            "created_by": "g.kuschk",
            "dimension3d": [
                4.02,
                1.83,
                1.89
            ],
            "label_certainty": 1,
            "measured_by": {
                "Camera": 1,
                "Lidar": 1,
                "Radar": 1
            },
            "object_id": -1,
            "occlusion": 0,
            "orientation_quat": [
                0.9991719060773577,
                -0.027579202585321667,
                -0.018790140609183294,
                0.023277033882881937
            ],
            "score": -1.0
        },
        {
            "center3d": [
                31.85,
                -1.36,
                0.85
            ],
            "classname": "Car",
            "created_by": "g.kuschk",
            "dimension3d": [
                3.8,
                1.57,
                1.46
            ],
            "label_certainty": 1,
            "measured_by": {
                "Camera": 1,
                "Lidar": 1,
                "Radar": 1
            },
            "object_id": -1,
            "occlusion": 0,
            "orientation_quat": [
                0.9963911999504712,
                -0.06217289154572144,
                -0.019792026693418202,
                0.054289813938446195
            ],
            "score": -1.0
        },
        {
            "center3d": [
                73.34343811892802,
                8.991394694115623,
                2.1320444677334707
            ],
            "classname": "Car",
            "created_by": "g.kuschk",
            "dimension3d": [
                4.27,
                1.9685813105609795,
                2.0
            ],
            "label_certainty": 2,
            "measured_by": {
                "Camera": 1,
                "Lidar": 1,
                "Radar": 1
            },
            "object_id": -1,
            "occlusion": 1,
            "orientation_quat": [
                -0.0431431640057444,
                -0.01876947869508089,
                0.040818273658099404,
                0.9980582360787675
            ],
            "score": -1.0
        },
        {
            "center3d": [
                47.05695896958097,
                13.907313194674096,
                0.04050759992473041
            ],
            "classname": "Car",
            "created_by": "g.kuschk",
            "dimension3d": [
                3.9167829716759415,
                1.82,
                1.547973268439121
            ],
            "label_certainty": 2,
            "measured_by": {
                "Camera": 1,
                "Lidar": 1,
                "Radar": 1
            },
            "object_id": -1,
            "occlusion": 1,
            "orientation_quat": [
                -0.5505160038389704,
                0.060480407037707684,
                -0.03128829649760566,
                -0.8320428428776983
            ],
            "score": -1.0
        }
    ]
}