{
    "frame_flag": "",
    "frame_index": 942,
    "header": "Astyx Version_01_00",
    "objects": [
        {
            "center3d": [
                10.83,
                8.08,
                -0.89
            ],
            "classname": "Car",
            "created_by": "s.schmidt",
            "dimension3d": [
                4.72,
                1.89,
                1.5
            ],
            "label_certainty": 1,
            "measured_by": {
                "Camera": 1,
                "Lidar": 1,
                "Radar": 1
            },
            "object_id": -1,
            "occlusion": 0,
            "orientation_quat": [
                0.0006931436394909005,
                -0.01769445696155569,
                0.03216209950782027,
                0.9993257852672369
            ],
            "score": -1.0
        },
        {
            "center3d": [
                16.38,
                1.17,
                -0.22
            ],
            "classname": "Car",
            "created_by": "s.schmidt",
            "dimension3d": [
                4.0,
                1.74,
                1.5
            ],
            "label_certainty": 0,
            "measured_by": {
                "Camera": 1,
                "Lidar": 1,
                "Radar": 1
            },
            "object_id": -1,
            "occlusion": 0,
            "orientation_quat": [
                0.9993136826258806,
                -0.032091870486659506,
                -0.017829661848870453,
                -0.004937481516240421
            ],
            "score": -1.0
        },
        {
            "center3d": [
                31.29,
                0.62,
                0.46
            ],
            "classname": "Car",
            "created_by": "s.schmidt",
            "dimension3d": [
                4.36,
                1.85,
                1.59
            ],
            "label_certainty": 0,
            "measured_by": {
                "Camera": 1,
                "Lidar": 1,
                "Radar": 1
            },
            "object_id": -1,
            "occlusion": 1,
            "orientation_quat": [
                0.9992540916301433,
                -0.032372252127302686,
                -0.017284207640970762,
                0.012023053640713668
            ],
            "score": -1.0
        },
        {
            "center3d": [
                62.26353210968713,
                1.4591244863211656,
                3.21656374615982
            ],
            "classname": "Truck",
            "created_by": "s.schmidt",
            "dimension3d": [
                12.95,
                2.76,
                3.83
            ],
            "label_certainty": 1,
            "measured_by": {
                "Camera": 1,
                "Lidar": 1,
                "Radar": 1
            },
            "object_id": -1,
            "occlusion": 1,
            "orientation_quat": [
                0.9992714973966437,
                -0.02804687446740545,
                -0.02505826771791879,
                0.006475379699772515
            ],
            "score": -1.0
        }
    ]
}