{
    "frame_flag": "",
    "frame_index": 791,
    "header": "Astyx Version_01_00",
    "objects": [
        {
            "center3d": [
                17.881719128995638,
                4.487656416014039,
                -0.4041225037012528
            ],
            "classname": "Car",
            "created_by": "s.moeller",
            "dimension3d": [
                4.9933994154078185,
                1.7563654642794269,
                1.4227955034966835
            ],
            "label_certainty": 0,
            "measured_by": {
                "Camera": 1,
                "Lidar": 1,
                "Radar": 1
            },
            "object_id": -1,
            "occlusion": 0,
            "orientation_quat": [
                -0.05335169975028166,
                -0.016248242518919216,
                0.04389066896772375,
                0.9974784207823084
            ],
            "score": -1.0
        },
        {
            "center3d": [
                50.575875167461604,
                -5.082083220495379,
                2.4562164717893165
            ],
            "classname": "Car",
            "created_by": "s.moeller",
            "dimension3d": [
                4.325089834759827,
                1.7402803035849808,
                1.8696004620079119
            ],
            "label_certainty": 0,
            "measured_by": {
                "Camera": 1,
                "Lidar": 1,
                "Radar": 1
            },
            "object_id": -1,
            "occlusion": 0,
            "orientation_quat": [
                0.972934058412987,
                -0.025084537083118804,
                -0.03842569239195186,
                -0.22648079420462855
            ],
            "score": -1.0
        },
        {
            "center3d": [
                29.91025685938691,
                -0.6005896766075794,
                0.6918168887927995
            ],
            "classname": "Car",
            "created_by": "s.moeller",
            "dimension3d": [
                4.01246385208111,
                1.6868461085109772,
                1.5087724025512337
            ],
            "label_certainty": 0,
            "measured_by": {
                "Camera": 1,
                "Lidar": 1,
                "Radar": 1
            },
            "object_id": -1,
            "occlusion": 0,
            "orientation_quat": [
                0.9993739738756664,
                -0.026910307401038336,
                -0.019730079628357624,
                -0.011756685476748909
            ],
            "score": -1.0
        },
        {
            "center3d": [
                42.50715077596631,
                7.1053984078800605,
                0.9021605957614514
            ],
            "classname": "Car",
            "created_by": "s.moeller",
            "dimension3d": [
                4.734629508541005,
                1.74,
                1.86
            ],
            "label_certainty": 0,
            "measured_by": {
                "Camera": 1,
                "Lidar": 1,
                "Radar": 1
            },
            "object_id": -1,
            "occlusion": 0,
            "orientation_quat": [
                0.15214428272388403,
                0.026466040661796628,
                -0.04861383506396345,
                -0.9868071549023633
            ],
            "score": -1.0
        },
        {
            "center3d": [
                26.94856392137558,
                15.465513962564433,
                -1.8931448873023513
            ],
            "classname": "Car",
            "created_by": "s.moeller",
            "dimension3d": [
                4.1461527907455835,
                1.8,
                1.7180339265934623
            ],
            "label_certainty": 2,
            "measured_by": {
                "Camera": 1,
                "Lidar": 1,
                "Radar": 1
            },
            "object_id": -1,
            "occlusion": 2,
            "orientation_quat": [
                0.6822844530692767,
                -0.060939057155804374,
                0.03785545793171501,
                0.7275584654979282
            ],
            "score": -1.0
        }
    ]
}