{
    "frame_flag": "",
    "frame_index": 1105,
    "header": "Astyx Version_01_00",
    "objects": [
        {
            "center3d": [
                54.32,
                10.58,
                1.12
            ],
            "classname": "Car",
            "created_by": "s.schmidt",
            "dimension3d": [
                4.0,
                1.77,
                1.48
            ],
            "label_certainty": 2,
            "measured_by": {
                "Camera": 1,
                "Lidar": 1,
                "Radar": 1
            },
            "object_id": -1,
            "occlusion": 1,
            "orientation_quat": [
                0.055031027328419975,
                0.017889592573452268,
                -0.028159501246054493,
                -0.9979271471396637
            ],
            "score": -1.0
        },
        {
            "center3d": [
                23.130000000000035,
                6.460000000000001,
                -0.06999999999999984
            ],
            "classname": "Car",
            "created_by": "s.schmidt",
            "dimension3d": [
                4.18,
                1.78,
                1.54
            ],
            "label_certainty": 0,
            "measured_by": {
                "Camera": 1,
                "Lidar": 1,
                "Radar": 1
            },
            "object_id": -1,
            "occlusion": 0,
            "orientation_quat": [
                0.07544068292601246,
                0.017309487027438737,
                -0.028524205824866596,
                -0.9965919198451112
            ],
            "score": -1.0
        },
        {
            "center3d": [
                10.725058799374974,
                4.984061746571006,
                -0.6867171325782689
            ],
            "classname": "Car",
            "created_by": "s.schmidt",
            "dimension3d": [
                3.9152645786173528,
                1.767916215827205,
                1.4820948462151633
            ],
            "label_certainty": 0,
            "measured_by": {
                "Camera": 1,
                "Lidar": 1,
                "Radar": 1
            },
            "object_id": -1,
            "occlusion": 0,
            "orientation_quat": [
                0.061842105761799736,
                0.01769668137436135,
                -0.02828416255862878,
                -0.9975281387367666
            ],
            "score": -1.0
        },
        {
            "center3d": [
                59.80696805762987,
                11.054749876309552,
                1.5321917740158366
            ],
            "classname": "Car",
            "created_by": "s.schmidt",
            "dimension3d": [
                4.0,
                1.6166181200663134,
                1.6231421387134903
            ],
            "label_certainty": 0,
            "measured_by": {
                "Camera": 1,
                "Lidar": 1,
                "Radar": 1
            },
            "object_id": -1,
            "occlusion": 0,
            "orientation_quat": [
                0.05764336778714761,
                0.024082615771311506,
                -0.043157868463980016,
                -0.997113167176832
            ],
            "score": -1.0
        },
        {
            "center3d": [
                81.57,
                8.19,
                2.85
            ],
            "classname": "Car",
            "created_by": "s.schmidt",
            "dimension3d": [
                4.19,
                1.87,
                1.5
            ],
            "label_certainty": 2,
            "measured_by": {
                "Camera": 1,
                "Lidar": 1,
                "Radar": 1
            },
            "object_id": -1,
            "occlusion": 0,
            "orientation_quat": [
                0.9945782624284079,
                -0.026983285943593924,
                -0.03408605062925765,
                0.09446757823229612
            ],
            "score": -1.0
        },
        {
            "center3d": [
                16.28,
                5.82,
                -0.32
            ],
            "classname": "Car",
            "created_by": "s.schmidt",
            "dimension3d": [
                3.98,
                1.89,
                1.66
            ],
            "label_certainty": 0,
            "measured_by": {
                "Camera": 1,
                "Lidar": 1,
                "Radar": 1
            },
            "object_id": -1,
            "occlusion": 0,
            "orientation_quat": [
                0.05909401364067522,
                0.038069117826734285,
                -0.03182166827250834,
                -0.9970185661501417
            ],
            "score": -1.0
        },
        {
            "center3d": [
                28.56,
                7.34,
                0.02
            ],
            "classname": "Car",
            "created_by": "s.schmidt",
            "dimension3d": [
                4.0,
                1.8,
                1.3
            ],
            "label_certainty": 2,
            "measured_by": {
                "Camera": 1,
                "Lidar": 1,
                "Radar": 1
            },
            "object_id": -1,
            "occlusion": 1,
            "orientation_quat": [
                0.052294975129942994,
                0.026549367970752788,
                -0.0191945242142848,
                -0.9980941523106422
            ],
            "score": -1.0
        },
        {
            "center3d": [
                34.57500124256634,
                8.080055730294138,
                0.3609724816346852
            ],
            "classname": "Car",
            "created_by": "s.schmidt",
            "dimension3d": [
                4.0,
                1.8,
                1.5
            ],
            "label_certainty": 2,
            "measured_by": {
                "Camera": 1,
                "Lidar": 1,
                "Radar": 1
            },
            "object_id": -1,
            "occlusion": 1,
            "orientation_quat": [
                0.05086614781735069,
                0.031964437528232845,
                -0.025617169548751994,
                -0.9978650561894818
            ],
            "score": -1.0
        },
        {
            "center3d": [
                43.69,
                9.22,
                0.7
            ],
            "classname": "Car",
            "created_by": "s.schmidt",
            "dimension3d": [
                4.0,
                1.8,
                1.5
            ],
            "label_certainty": 2,
            "measured_by": {
                "Camera": 1,
                "Lidar": 1,
                "Radar": 1
            },
            "object_id": -1,
            "occlusion": 2,
            "orientation_quat": [
                -0.04992039314174979,
                -0.03559312156818767,
                0.021774225407532447,
                0.9978812390026719
            ],
            "score": -1.0
        },
        {
            "center3d": [
                5.03,
                4.26,
                -0.81
            ],
            "classname": "Car",
            "created_by": "s.schmidt",
            "dimension3d": [
                4.39,
                1.88,
                1.28
            ],
            "label_certainty": 0,
            "measured_by": {
                "Camera": 1,
                "Lidar": 1,
                "Radar": 1
            },
            "object_id": -1,
            "occlusion": 0,
            "orientation_quat": [
                0.05155952865072865,
                0.01598948047428826,
                -0.03302906811630795,
                -0.9979955070935166
            ],
            "score": -1.0
        }
    ]
}