{
    "frame_flag": "",
    "frame_index": 1127,
    "header": "Astyx Version_01_00",
    "objects": [
        {
            "center3d": [
                9.21259200684944,
                1.5270497548299622,
                -0.05755483301033677
            ],
            "classname": "Car",
            "created_by": "s.schmidt",
            "dimension3d": [
                6.67,
                2.14,
                2.62
            ],
            "label_certainty": 0,
            "measured_by": {
                "Camera": 1,
                "Lidar": 1,
                "Radar": 1
            },
            "object_id": -1,
            "occlusion": 0,
            "orientation_quat": [
                0.6788103197818448,
                -0.03481264270683133,
                0.011598502717199479,
                0.733396280601528
            ],
            "score": -1.0
        },
        {
            "center3d": [
                17.085125023853976,
                1.3043572523199387,
                -0.14149034405005714
            ],
            "classname": "Car",
            "created_by": "s.schmidt",
            "dimension3d": [
                4.0,
                1.8,
                1.5
            ],
            "label_certainty": 2,
            "measured_by": {
                "Camera": 1,
                "Lidar": 1,
                "Radar": 1
            },
            "object_id": -1,
            "occlusion": 2,
            "orientation_quat": [
                0.9986775754138766,
                -0.03279801116217966,
                -0.016503588092013032,
                0.035986419790744587
            ],
            "score": -1.0
        }
    ]
}