{
    "frame_flag": "",
    "frame_index": 1128,
    "header": "Astyx Version_01_00",
    "objects": [
        {
            "center3d": [
                9.08,
                2.39,
                -0.12
            ],
            "classname": "Car",
            "created_by": "s.schmidt",
            "dimension3d": [
                6.67,
                2.14,
                2.62
            ],
            "label_certainty": 0,
            "measured_by": {
                "Camera": 1,
                "Lidar": 1,
                "Radar": 1
            },
            "object_id": -1,
            "occlusion": 1,
            "orientation_quat": [
                0.6788103197818448,
                -0.03481264270683138,
                0.011598502717199527,
                0.7333962806015282
            ],
            "score": -1.0
        },
        {
            "center3d": [
                16.863638003582004,
                1.4074189256252927,
                -0.1559757005240549
            ],
            "classname": "Car",
            "created_by": "s.schmidt",
            "dimension3d": [
                4.0,
                1.8,
                1.5
            ],
            "label_certainty": 2,
            "measured_by": {
                "Camera": 1,
                "Lidar": 1,
                "Radar": 1
            },
            "object_id": -1,
            "occlusion": 2,
            "orientation_quat": [
                0.9986775754138766,
                -0.03279801116217958,
                -0.01650358809201298,
                0.03598641979074442
            ],
            "score": -1.0
        }
    ]
}