{
    "frame_flag": "",
    "frame_index": 1073,
    "header": "Astyx Version_01_00",
    "objects": [
        {
            "center3d": [
                32.869347317236475,
                -3.0643679761294633,
                1.8375149071522816
            ],
            "classname": "Bus",
            "created_by": "s.schmidt",
            "dimension3d": [
                11.719263643163007,
                2.6,
                3.0
            ],
            "label_certainty": 1,
            "measured_by": {
                "Camera": 1,
                "Lidar": 1,
                "Radar": 1
            },
            "object_id": -1,
            "occlusion": 0,
            "orientation_quat": [
                0.999319363093648,
                -0.03222608511065651,
                -0.017550688567572147,
                0.0037766804671242105
            ],
            "score": -1.0
        },
        {
            "center3d": [
                54.57151281268839,
                -21.34993898278429,
                3.969629212895753
            ],
            "classname": "Car",
            "created_by": "s.schmidt",
            "dimension3d": [
                4.73238999402363,
                1.7933205717999374,
                1.5234332625726335
            ],
            "label_certainty": 0,
            "measured_by": {
                "Camera": 1,
                "Lidar": 1,
                "Radar": 1
            },
            "object_id": -1,
            "occlusion": 0,
            "orientation_quat": [
                0.8204484024331642,
                -0.03805349498549295,
                0.006103521825782289,
                0.5704201061372047
            ],
            "score": -1.0
        }
    ]
}