{
    "frame_flag": "",
    "frame_index": 1078,
    "header": "Astyx Version_01_00",
    "objects": [
        {
            "center3d": [
                27.17,
                0.29,
                1.05
            ],
            "classname": "Bus",
            "created_by": "unknown",
            "dimension3d": [
                11.46,
                2.59,
                2.83
            ],
            "label_certainty": 1,
            "measured_by": {
                "Camera": 1,
                "Lidar": 1,
                "Radar": 1
            },
            "object_id": -1,
            "occlusion": 0,
            "orientation_quat": [
                0.9990361317456348,
                -0.032580833370460825,
                -0.016892098345713598,
                0.02408222948739606
            ],
            "score": -1.0
        }
    ]
}