{
    "frame_flag": "",
    "frame_index": 1060,
    "header": "Astyx Version_01_00",
    "objects": [
        {
            "center3d": [
                20.62,
                2.03,
                0.04
            ],
            "classname": "Car",
            "created_by": "s.schmidt",
            "dimension3d": [
                4.44,
                1.88,
                1.51
            ],
            "label_certainty": 1,
            "measured_by": {
                "Camera": 1,
                "Lidar": 1,
                "Radar": 1
            },
            "object_id": -1,
            "occlusion": 1,
            "orientation_quat": [
                -0.03678086177057762,
                0.020398539663679348,
                -0.026404697614058673,
                -0.9987661686956127
            ],
            "score": -1.0
        },
        {
            "center3d": [
                20.47,
                -9.19,
                0.49
            ],
            "classname": "Car",
            "created_by": "s.schmidt",
            "dimension3d": [
                4.4,
                1.61,
                1.53
            ],
            "label_certainty": 0,
            "measured_by": {
                "Camera": 1,
                "Lidar": 1,
                "Radar": 1
            },
            "object_id": -1,
            "occlusion": 0,
            "orientation_quat": [
                0.9981485088014034,
                0.00417265084884085,
                -0.021528279510116512,
                -0.05673338121214688
            ],
            "score": -1.0
        },
        {
            "center3d": [
                14.66,
                2.46,
                -0.25
            ],
            "classname": "Car",
            "created_by": "s.schmidt",
            "dimension3d": [
                4.42,
                1.83,
                1.47
            ],
            "label_certainty": 0,
            "measured_by": {
                "Camera": 1,
                "Lidar": 1,
                "Radar": 1
            },
            "object_id": -1,
            "occlusion": 1,
            "orientation_quat": [
                0.042671346676302374,
                -0.020553331733247002,
                0.026278239913810324,
                0.9985320079168851
            ],
            "score": -1.0
        },
        {
            "center3d": [
                26.12,
                1.25,
                0.49
            ],
            "classname": "Car",
            "created_by": "s.schmidt",
            "dimension3d": [
                4.3,
                1.86,
                1.77
            ],
            "label_certainty": 2,
            "measured_by": {
                "Camera": 1,
                "Lidar": 1,
                "Radar": 1
            },
            "object_id": -1,
            "occlusion": 1,
            "orientation_quat": [
                -0.053928740420747356,
                0.028818936072648425,
                -0.02640056789045651,
                -0.9977796199037811
            ],
            "score": -1.0
        },
        {
            "center3d": [
                8.01,
                3.2,
                -0.63
            ],
            "classname": "Car",
            "created_by": "s.schmidt",
            "dimension3d": [
                4.31,
                1.8,
                1.5
            ],
            "label_certainty": 0,
            "measured_by": {
                "Camera": 1,
                "Lidar": 1,
                "Radar": 1
            },
            "object_id": -1,
            "occlusion": 1,
            "orientation_quat": [
                -0.07053067580124507,
                0.019897504631470327,
                -0.0308320767025793,
                -0.9968344376709036
            ],
            "score": -1.0
        },
        {
            "center3d": [
                31.55,
                -10.36,
                1.12
            ],
            "classname": "Car",
            "created_by": "s.schmidt",
            "dimension3d": [
                4.33,
                1.8,
                1.5
            ],
            "label_certainty": 1,
            "measured_by": {
                "Camera": 1,
                "Lidar": 1,
                "Radar": 1
            },
            "object_id": -1,
            "occlusion": 1,
            "orientation_quat": [
                0.9986968033836643,
                -0.002098309215053452,
                -0.02236455353573732,
                -0.04582705265272932
            ],
            "score": -1.0
        },
        {
            "center3d": [
                31.65,
                0.5,
                0.72
            ],
            "classname": "Car",
            "created_by": "s.schmidt",
            "dimension3d": [
                4.33,
                1.8,
                1.5
            ],
            "label_certainty": 1,
            "measured_by": {
                "Camera": 1,
                "Lidar": 1,
                "Radar": 1
            },
            "object_id": -1,
            "occlusion": 1,
            "orientation_quat": [
                -0.03925353084190552,
                0.01854057920297651,
                -0.03144512131960506,
                -0.9985622722617038
            ],
            "score": -1.0
        },
        {
            "center3d": [
                38.09,
                -0.09,
                1.05
            ],
            "classname": "Car",
            "created_by": "s.schmidt",
            "dimension3d": [
                4.2,
                1.8,
                1.57
            ],
            "label_certainty": 1,
            "measured_by": {
                "Camera": 1,
                "Lidar": 1,
                "Radar": 1
            },
            "object_id": -1,
            "occlusion": 1,
            "orientation_quat": [
                -0.04550520444656465,
                0.02468985326526987,
                -0.03163131707463916,
                -0.9981578769383826
            ],
            "score": -1.0
        },
        {
            "center3d": [
                6.77,
                -7.81,
                -0.31
            ],
            "classname": "Car",
            "created_by": "s.schmidt",
            "dimension3d": [
                4.11,
                1.72,
                1.52
            ],
            "label_certainty": 1,
            "measured_by": {
                "Camera": 1,
                "Lidar": 1,
                "Radar": 1
            },
            "object_id": -1,
            "occlusion": 0,
            "orientation_quat": [
                0.9983758357794872,
                -0.008391220270250355,
                -0.020038832577115535,
                -0.052666147978877344
            ],
            "score": -1.0
        },
        {
            "center3d": [
                13.41,
                -8.48,
                0.05
            ],
            "classname": "Car",
            "created_by": "s.schmidt",
            "dimension3d": [
                4.21,
                1.69,
                1.5
            ],
            "label_certainty": 1,
            "measured_by": {
                "Camera": 1,
                "Lidar": 1,
                "Radar": 1
            },
            "object_id": -1,
            "occlusion": 0,
            "orientation_quat": [
                0.9985827409428323,
                0.008914174901637944,
                -0.02116727383778747,
                -0.04801034779294456
            ],
            "score": -1.0
        }
    ]
}