{
    "frame_flag": "",
    "frame_index": 1282,
    "header": "Astyx Version_01_00",
    "objects": [
        {
            "center3d": [
                24.795889997707572,
                -2.1438384354822153,
                0.834129428680272
            ],
            "classname": "Car",
            "created_by": "s.schmidt",
            "dimension3d": [
                4.080365548868265,
                1.744,
                1.623
            ],
            "label_certainty": 0,
            "measured_by": {
                "Camera": 1,
                "Lidar": 1,
                "Radar": 1
            },
            "object_id": -1,
            "occlusion": 0,
            "orientation_quat": [
                0.6453533809261472,
                -0.04118141268148964,
                0.015671265105058348,
                0.7626122975842672
            ],
            "score": -1.0
        },
        {
            "center3d": [
                9.990579251844313,
                5.56558467247183,
                -0.7293340073574327
            ],
            "classname": "Car",
            "created_by": "s.schmidt",
            "dimension3d": [
                4.385261877264086,
                1.792652880536042,
                1.4350532551369028
            ],
            "label_certainty": 0,
            "measured_by": {
                "Camera": 1,
                "Lidar": 1,
                "Radar": 1
            },
            "object_id": -1,
            "occlusion": 0,
            "orientation_quat": [
                0.74639790568775,
                -0.01227551534816038,
                -0.03457663627755941,
                -0.6644877232361839
            ],
            "score": -1.0
        },
        {
            "center3d": [
                4.714646012993553,
                5.655781477645623,
                -0.9140554268761485
            ],
            "classname": "Car",
            "created_by": "s.schmidt",
            "dimension3d": [
                3.880194070571292,
                1.6718517762029117,
                1.4370134901556262
            ],
            "label_certainty": 0,
            "measured_by": {
                "Camera": 1,
                "Lidar": 1,
                "Radar": 1
            },
            "object_id": -1,
            "occlusion": 0,
            "orientation_quat": [
                0.7287674077770705,
                -0.011377768374615686,
                -0.03487502565159985,
                -0.683777993455846
            ],
            "score": -1.0
        },
        {
            "center3d": [
                7.463488296230138,
                6.228397731318138,
                -0.9197494407613529
            ],
            "classname": "Car",
            "created_by": "s.schmidt",
            "dimension3d": [
                4.20616522764556,
                1.7718868313190945,
                1.4028876303987754
            ],
            "label_certainty": 0,
            "measured_by": {
                "Camera": 1,
                "Lidar": 1,
                "Radar": 1
            },
            "object_id": -1,
            "occlusion": 0,
            "orientation_quat": [
                0.6832982497471696,
                -0.009104980485122295,
                -0.035539128944751905,
                -0.7292170949289852
            ],
            "score": -1.0
        },
        {
            "center3d": [
                2.681345062811391,
                -4.986475942595841,
                -0.31159828571724824
            ],
            "classname": "Car",
            "created_by": "s.schmidt",
            "dimension3d": [
                4.134093080748809,
                1.7316364979558114,
                1.4670298295116313
            ],
            "label_certainty": 0,
            "measured_by": {
                "Camera": 1,
                "Lidar": 1,
                "Radar": 1
            },
            "object_id": -1,
            "occlusion": 0,
            "orientation_quat": [
                0.7738605634300719,
                -0.013743712671860125,
                -0.03401368634468431,
                -0.6322926599850186
            ],
            "score": -1.0
        },
        {
            "center3d": [
                4.982327663837274,
                -4.456586453492985,
                -0.3462876302340906
            ],
            "classname": "Car",
            "created_by": "s.schmidt",
            "dimension3d": [
                4.0252171726124715,
                1.731480321110052,
                1.3962369996837563
            ],
            "label_certainty": 0,
            "measured_by": {
                "Camera": 1,
                "Lidar": 1,
                "Radar": 1
            },
            "object_id": -1,
            "occlusion": 0,
            "orientation_quat": [
                0.7546722284574289,
                -0.012711126901769015,
                -0.03441819539258619,
                -0.6550752954232844
            ],
            "score": -1.0
        },
        {
            "center3d": [
                7.360087773896768,
                -4.052626214526194,
                -0.29692857476692414
            ],
            "classname": "Car",
            "created_by": "s.schmidt",
            "dimension3d": [
                3.88418794480547,
                1.6706488841322809,
                1.4418086157920167
            ],
            "label_certainty": 0,
            "measured_by": {
                "Camera": 1,
                "Lidar": 1,
                "Radar": 1
            },
            "object_id": -1,
            "occlusion": 0,
            "orientation_quat": [
                0.7796849560237048,
                -0.01405341939698036,
                -0.03389305044405342,
                -0.6250960981202516
            ],
            "score": -1.0
        },
        {
            "center3d": [
                10.31843934037988,
                -3.772304488723113,
                -0.19820651380811127
            ],
            "classname": "Car",
            "created_by": "s.schmidt",
            "dimension3d": [
                4.245979717659145,
                1.8,
                1.4078818299307854
            ],
            "label_certainty": 0,
            "measured_by": {
                "Camera": 1,
                "Lidar": 1,
                "Radar": 1
            },
            "object_id": -1,
            "occlusion": 0,
            "orientation_quat": [
                0.7239022422919793,
                -0.01112711236027445,
                -0.03495983153743632,
                -0.6889263684560496
            ],
            "score": -1.0
        },
        {
            "center3d": [
                12.954547688056847,
                -3.588284044041906,
                -0.027586789924959554
            ],
            "classname": "Car",
            "created_by": "s.schmidt",
            "dimension3d": [
                4.0,
                1.5783506401438934,
                1.5
            ],
            "label_certainty": 0,
            "measured_by": {
                "Camera": 1,
                "Lidar": 1,
                "Radar": 1
            },
            "object_id": -1,
            "occlusion": 0,
            "orientation_quat": [
                0.744640625399562,
                0.010631951313858214,
                -0.05585530344530407,
                -0.6650394617560993
            ],
            "score": -1.0
        },
        {
            "center3d": [
                15.261146888555295,
                -2.957962253877276,
                0.2885826335874472
            ],
            "classname": "Car",
            "created_by": "s.schmidt",
            "dimension3d": [
                4.27233352754905,
                1.7285280479434213,
                1.5
            ],
            "label_certainty": 0,
            "measured_by": {
                "Camera": 1,