{
    "frame_flag": "",
    "frame_index": 1076,
    "header": "Astyx Version_01_00",
    "objects": [
        {
            "center3d": [
                29.65301940272651,
                -2.8921072298569515,
                1.6387844910725513
            ],
            "classname": "Bus",
            "created_by": "s.schmidt",
            "dimension3d": [
                11.4,
                2.592491909173502,
                2.8281291944529308
            ],
            "label_certainty": 1,
            "measured_by": {
                "Camera": 1,
                "Lidar": 1,
                "Radar": 1
            },
            "object_id": -1,
            "occlusion": 0,
            "orientation_quat": [
                0.999319363093648,
                -0.03222608511065651,
                -0.017550688567572147,
                0.0037766804671242105
            ],
            "score": -1.0
        },
        {
            "center3d": [
                48.961903305279826,
                -20.988113851946853,
                3.514329227980291
            ],
            "classname": "Car",
            "created_by": "s.schmidt",
            "dimension3d": [
                4.646602256639975,
                1.7940519885143855,
                1.5153374512311244
            ],
            "label_certainty": 0,
            "measured_by": {
                "Camera": 1,
                "Lidar": 1,
                "Radar": 1
            },
            "object_id": -1,
            "occlusion": 0,
            "orientation_quat": [
                0.8001505932242063,
                -0.03633373135104944,
                0.005118031046042595,
                0.5986757836151987
            ],
            "score": -1.0
        }
    ]
}