{
    "frame_flag": "",
    "frame_index": 974,
    "header": "Astyx Version_01_00",
    "objects": [
        {
            "center3d": [
                16.08435773806975,
                -7.451470158746203,
                0.7495941458824775
            ],
            "classname": "Car",
            "created_by": "g.kuschk",
            "dimension3d": [
                4.52438339055548,
                1.7843842804771004,
                1.5654633056397784
            ],
            "label_certainty": 0,
            "measured_by": {
                "Camera": 1,
                "Lidar": 1,
                "Radar": 1
            },
            "object_id": -1,
            "occlusion": 0,
            "orientation_quat": [
                0.9048926379326158,
                -0.02701748544261434,
                -0.04185898655985324,
                -0.42271408131252497
            ],
            "score": -1.0
        },
        {
            "center3d": [
                14.0,
                16.34,
                -0.93
            ],
            "classname": "Car",
            "created_by": "g.kuschk",
            "dimension3d": [
                4.8,
                1.9,
                1.9
            ],
            "label_certainty": 0,
            "measured_by": {
                "Camera": 1,
                "Lidar": 1,
                "Radar": 1
            },
            "object_id": -1,
            "occlusion": 0,
            "orientation_quat": [
                0.4830436808839099,
                0.002459641841628488,
                -0.040950585566282574,
                -0.8746346677681561
            ],
            "score": -1.0
        },
        {
            "center3d": [
                22.98,
                -4.94,
                1.82
            ],
            "classname": "Bus",
            "created_by": "g.kuschk",
            "dimension3d": [
                17.27,
                2.72,
                2.94
            ],
            "label_certainty": 0,
            "measured_by": {
                "Camera": 1,
                "Lidar": 1,
                "Radar": 1
            },
            "object_id": -1,
            "occlusion": 0,
            "orientation_quat": [
                0.6006608842180957,
                -0.044896561554608874,
                0.022858369304663312,
                0.7979149678278007
            ],
            "score": -1.0
        }
    ]
}