{
    "frame_flag": "",
    "frame_index": 986,
    "header": "Astyx Version_01_00",
    "objects": [
        {
            "center3d": [
                22.018318010055633,
                -0.5010610899484095,
                0.04189511472973356
            ],
            "classname": "Car",
            "created_by": "s.schmidt",
            "dimension3d": [
                4.057472898741478,
                1.9408475390016378,
                1.7234333091825078
            ],
            "label_certainty": 0,
            "measured_by": {
                "Camera": 1,
                "Lidar": 1,
                "Radar": 1
            },
            "object_id": -1,
            "occlusion": 0,
            "orientation_quat": [
                0.9992438186369177,
                -0.03195223748277124,
                -0.01808232186366057,
                -0.012801369917874792
            ],
            "score": -1.0
        }
    ]
}