{
    "frame_flag": "",
    "frame_index": 1279,
    "header": "Astyx Version_01_00",
    "objects": [
        {
            "center3d": [
                3.9141895206365667,
                3.3700310023856024,
                -0.9062896175262143
            ],
            "classname": "Car",
            "created_by": "s.moeller",
            "dimension3d": [
                3.9045353710472024,
                1.7511475050220027,
                1.4247538861983278
            ],
            "label_certainty": 1,
            "measured_by": {
                "Camera": 1,
                "Lidar": 1,
                "Radar": 1
            },
            "object_id": -1,
            "occlusion": 2,
            "orientation_quat": [
                0.6747097984524922,
                -0.008679338812344261,
                -0.035649677410846244,
                -0.737170575545769
            ],
            "score": -1.0
        },
        {
            "center3d": [
                6.47972981098176,
                3.020482263341789,
                -0.7325414639537067
            ],
            "classname": "Car",
            "created_by": "s.moeller",
            "dimension3d": [
                4.23,
                1.8,
                1.5149587078980462
            ],
            "label_certainty": 1,
            "measured_by": {
                "Camera": 1,
                "Lidar": 1,
                "Radar": 1
            },
            "object_id": -1,
            "occlusion": 1,
            "orientation_quat": [
                0.6419484971419587,
                -0.007118197175723441,
                -0.035993724271697315,
                -0.7658693818786604
            ],
            "score": -1.0
        },
        {
            "center3d": [
                9.032960235799834,
                2.967034100801713,
                -0.6685940139414838
            ],
            "classname": "Car",
            "created_by": "s.moeller",
            "dimension3d": [
                4.23,
                1.8,
                1.4263208371022
            ],
            "label_certainty": 1,
            "measured_by": {
                "Camera": 1,
                "Lidar": 1,
                "Radar": 1
            },
            "object_id": -1,
            "occlusion": 1,
            "orientation_quat": [
                0.641948497141963,
                -0.0071181971757235995,
                -0.03599372427169727,
                -0.7658693818786567
            ],
            "score": -1.0
        },
        {
            "center3d": [
                11.298416396806187,
                2.377228739550213,
                -0.5087139053002837
            ],
            "classname": "Car",
            "created_by": "s.moeller",
            "dimension3d": [
                3.389698357060779,
                1.6953912478469964,
                1.4804105253222415
            ],
            "label_certainty": 1,
            "measured_by": {
                "Camera": 1,
                "Lidar": 1,
                "Radar": 1
            },
            "object_id": -1,
            "occlusion": 1,
            "orientation_quat": [
                0.6419484971419722,
                -0.00711819717572412,
                -0.035993724271697426,
                -0.765869381878649
            ],
            "score": -1.0
        },
        {
            "center3d": [
                13.904156352173391,
                2.1607475750317233,
                -0.43623889005066563
            ],
            "classname": "Car",
            "created_by": "s.moeller",
            "dimension3d": [
                4.024869281583615,
                1.6953912478469964,
                1.3841155031922179
            ],
            "label_certainty": 1,
            "measured_by": {
                "Camera": 1,
                "Lidar": 1,
                "Radar": 1
            },
            "object_id": -1,
            "occlusion": 1,
            "orientation_quat": [
                0.6419484971419752,
                -0.007118197175724189,
                -0.03599372427169745,
                -0.7658693818786465
            ],
            "score": -1.0
        },
        {
            "center3d": [
                16.238647002394444,
                0.7647475723350167,
                -0.13347065580686085
            ],
            "classname": "Car",
            "created_by": "s.moeller",
            "dimension3d": [
                4.16597512987323,
                1.6609119872884934,
                1.5132955775243382
            ],
            "label_certainty": 1,
            "measured_by": {
                "Camera": 1,
                "Lidar": 1,
                "Radar": 1
            },
            "object_id": -1,
            "occlusion": 1,
            "orientation_quat": [
                0.6591697253074019,
                -0.007935744527507116,
                -0.0358210562818709,
                -0.7510986280934147
            ],
            "score": -1.0
        },
        {
            "center3d": [
                3.34,
                -6.98,
                -0.46
            ],
            "classname": "Car",
            "created_by": "s.moeller",
            "dimension3d": [
                4.35,
                1.77,
                1.58
            ],
            "label_certainty": 1,
            "measured_by": {
                "Camera": 1,
                "Lidar": 1,
                "Radar": 1
            },
            "object_id": -1,
            "occlusion": 2,
            "orientation_quat": [
                0.6412919433376189,
                0.007806045507779386,
                -0.023578666067063176,
                -0.7668948790872767
            ],
            "score": -1.0
        },
        {
            "center3d": [
                5.98,
                -6.77,
                -0.38
            ],
            "classname": "Car",
            "created_by": "s.moeller",
            "dimension3d": [
                4.35,
                1.77,
                1.48
            ],
            "label_certainty": 1,
            "measured_by": {
                "Camera": 1,
                "Lidar": 1,
                "Radar": 1
            },
            "object_id": -1,
            "occlusion": 2,
            "orientation_quat": [
                0.6412919433376199,
                0.007806045507779469,
                -0.023578666067063124,
                -0.7668948790872757
            ],
            "score": -1.0
        },
        {
            "center3d": [
                8.518862119662476,
                -7.122058548589384,
                -0.17668017916794343
            ],
            "classname": "Car",
            "created_by": "s.moeller",
            "dimension3d": [
                4.027266026182233,
                1.6200717608134898,
                1.48
            ],
            "label_certainty": 1,
            "measured_by": {
                "Camera": 1,
                "Lidar": 1,
                "Radar": 1
            },
            "object_id": -1,
            "occlusion": 2,
            "orientation_quat": [
                0.6723902433750423,
                0.00940931520248896,
                -0.026734624718585502,
                -0.7396540307756242
            ],
            "score": -1.0
        },
        {
            "center3d": [
                10.89780628525019,
                -7.564406001668006,
                -0.07772651534093722
            ],
            "classname": "Car",
            "created_by": "s.moeller",
            "dimension3d": [
                4.027266026182233,
                1.6692414845532468,
                1.367407208708511
            ],
            "label_certainty": 1,
            "measured_by": {
                "Camera": 1,
                "Lidar": 1,
                "Radar": 1
            },
            "object_id": -1,
            "occlusion": 2,