{
    "frame_flag": "",
    "frame_index": 1275,
    "header": "Astyx Version_01_00",
    "objects": [
        {
            "center3d": [
                48.06637439729816,
                -11.625156028547757,
                1.9545710983669093
            ],
            "classname": "Car",
            "created_by": "unknown",
            "dimension3d": [
                3.582131108657393,
                1.72,
                1.52
            ],
            "label_certainty": 1,
            "measured_by": {
                "Camera": 1,
                "Lidar": 1,
                "Radar": 1
            },
            "object_id": -1,
            "occlusion": 1,
            "orientation_quat": [
                0.6718257746131283,
                -0.0038657287389220825,
                -0.033137940229290015,
                -0.7399574728483707
            ],
            "score": -1.0
        },
        {
            "center3d": [
                13.500000000000028,
                -8.020000000000001,
                -0.009999999999999343
            ],
            "classname": "Car",
            "created_by": "unknown",
            "dimension3d": [
                4.04,
                1.8,
                1.54
            ],
            "label_certainty": 1,
            "measured_by": {
                "Camera": 1,
                "Lidar": 1,
                "Radar": 1
            },
            "object_id": -1,
            "occlusion": 1,
            "orientation_quat": [
                0.6496237918978649,
                -0.007475538385783713,
                -0.03592325943933011,
                -0.7593698471478421
            ],
            "score": -1.0
        },
        {
            "center3d": [
                11.064435016211041,
                2.9442133242676567,
                -0.6328832446545829
            ],
            "classname": "Car",
            "created_by": "unknown",
            "dimension3d": [
                4.28,
                1.6851545812533408,
                1.5
            ],
            "label_certainty": 1,
            "measured_by": {
                "Camera": 1,
                "Lidar": 1,
                "Radar": 1
            },
            "object_id": -1,
            "occlusion": 1,
            "orientation_quat": [
                0.6123163993781362,
                -0.005741732252686068,
                -0.03623871229308682,
                -0.789760986181688
            ],
            "score": -1.0
        },
        {
            "center3d": [
                7.934939830402366,
                3.040848369066488,
                -0.763927246408542
            ],
            "classname": "Car",
            "created_by": "unknown",
            "dimension3d": [
                3.062641926279674,
                1.727093603001345,
                1.5
            ],
            "label_certainty": 1,
            "measured_by": {
                "Camera": 1,
                "Lidar": 1,
                "Radar": 1
            },
            "object_id": -1,
            "occlusion": 1,
            "orientation_quat": [
                0.6804499600571297,
                0.010347037670335683,
                -0.02544175304991282,
                -0.7322796650675523
            ],
            "score": -1.0
        },
        {
            "center3d": [
                5.7,
                3.92,
                -0.89
            ],
            "classname": "Car",
            "created_by": "unknown",
            "dimension3d": [
                4.14,
                1.74,
                1.46
            ],
            "label_certainty": 1,
            "measured_by": {
                "Camera": 1,
                "Lidar": 1,
                "Radar": 1
            },
            "object_id": -1,
            "occlusion": 1,
            "orientation_quat": [
                0.732474372116983,
                -0.035586676610725426,
                0.008929123427225023,
                0.6798052319557837
            ],
            "score": -1.0
        },
        {
            "center3d": [
                13.634894738720167,
                2.37239406903792,
                -0.4906889939892519
            ],
            "classname": "Car",
            "created_by": "unknown",
            "dimension3d": [
                3.92,
                1.7693844470674287,
                1.5
            ],
            "label_certainty": 1,
            "measured_by": {
                "Camera": 1,
                "Lidar": 1,
                "Radar": 1
            },
            "object_id": -1,
            "occlusion": 1,
            "orientation_quat": [
                0.6484729724994335,
                -0.00742657916339846,
                -0.03593066934839145,
                -0.7603529686006726
            ],
            "score": -1.0
        },
        {
            "center3d": [
                16.159832407572093,
                2.0798350666637306,
                -0.372409726943517
            ],
            "classname": "Car",
            "created_by": "unknown",
            "dimension3d": [
                4.05,
                1.6976450006712653,
                1.5
            ],
            "label_certainty": 1,
            "measured_by": {
                "Camera": 1,
                "Lidar": 1,
                "Radar": 1
            },
            "object_id": -1,
            "occlusion": 1,
            "orientation_quat": [
                0.6345183404616277,
                -0.006771630887055233,
                -0.03606001052368439,
                -0.772036460456359
            ],
            "score": -1.0
        },
        {
            "center3d": [
                18.82141973104263,
                2.3163297559959717,
                -0.3217735846322773
            ],
            "classname": "Car",
            "created_by": "unknown",
            "dimension3d": [
                3.96,
                1.7217295576085343,
                1.58
            ],
            "label_certainty": 2,
            "measured_by": {
                "Camera": 1,
                "Lidar": 1,
                "Radar": 1
            },
            "object_id": -1,
            "occlusion": 2,
            "orientation_quat": [
                0.6464041937005373,
                -0.007330861329763692,
                -0.03595081150613686,
                -0.762112469383996
            ],
            "score": -1.0
        },
        {
            "center3d": [
                21.17620864467462,
                1.8429012547560173,
                -0.24826063294208411
            ],
            "classname": "Car",
            "created_by": "unknown",
            "dimension3d": [
                3.86,
                1.7261197947928948,
                1.52
            ],
            "label_certainty": 2,
            "measured_by": {
                "Camera": 1,
                "Lidar": 1,
                "Radar": 1
            },
            "object_id": -1,
            "occlusion": 1,
            "orientation_quat": [
                0.6345183404616277,
                -0.006771630887055233,
                -0.03606001052368439,
                -0.772036460456359
            ],
            "score": -1.0
        },
        {
            "center3d": [
                26.0985213285411,
                0.41898286514264926,
                -0.019632712779253866
            ],
            "classname": "Car",
            "created_by": "unknown",
            "dimension3d": [
                4.49,
                1.7828177120315918,
                1.5
            ],
            "label_certainty": 1,
            "measured_by": {
                "Camera": 1,
                "Lidar": 1,
                "Radar": 1
            },
            "object_id": -1,
            "occlusion": 1,