{
    "frame_flag": "",
    "frame_index": 978,
    "header": "Astyx Version_01_00",
    "objects": [
        {
            "center3d": [
                17.765420305125648,
                -10.243758054213089,
                1.0981825594770886
            ],
            "classname": "Car",
            "created_by": "g.kuschk",
            "dimension3d": [
                4.374835176993445,
                1.8668148222528538,
                1.6149570273317004
            ],
            "label_certainty": 0,
            "measured_by": {
                "Camera": 1,
                "Lidar": 1,
                "Radar": 1
            },
            "object_id": -1,
            "occlusion": 0,
            "orientation_quat": [
                -0.8746880525473748,
                0.02634337077163951,
                0.040463977447853704,
                0.48227534052278515
            ],
            "score": -1.0
        },
        {
            "center3d": [
                11.04,
                13.67,
                -0.9
            ],
            "classname": "Car",
            "created_by": "g.kuschk",
            "dimension3d": [
                4.92,
                1.97,
                1.99
            ],
            "label_certainty": 0,
            "measured_by": {
                "Camera": 1,
                "Lidar": 1,
                "Radar": 1
            },
            "object_id": -1,
            "occlusion": 0,
            "orientation_quat": [
                0.6030460565622602,
                -0.0011894439562140857,
                -0.041771039371225296,
                -0.7966110840037501
            ],
            "score": -1.0
        },
        {
            "center3d": [
                21.84,
                -3.92,
                1.64
            ],
            "classname": "Bus",
            "created_by": "g.kuschk",
            "dimension3d": [
                17.27,
                2.72,
                2.94
            ],
            "label_certainty": 0,
            "measured_by": {
                "Camera": 1,
                "Lidar": 1,
                "Radar": 1
            },
            "object_id": -1,
            "occlusion": 0,
            "orientation_quat": [
                0.5808430209025128,
                -0.04432968956012574,
                0.023941709895135468,
                0.8124549576558956
            ],
            "score": -1.0
        }
    ]
}