{
    "frame_flag": "",
    "frame_index": 1077,
    "header": "Astyx Version_01_00",
    "objects": [
        {
            "center3d": [
                25.58,
                -0.77,
                1.26
            ],
            "classname": "Bus",
            "created_by": "s.schmidt",
            "dimension3d": [
                11.46,
                2.59,
                2.83
            ],
            "label_certainty": 1,
            "measured_by": {
                "Camera": 1,
                "Lidar": 1,
                "Radar": 1
            },
            "object_id": -1,
            "occlusion": 0,
            "orientation_quat": [
                0.9990361317456348,
                -0.03258083337046078,
                -0.01689209834571359,
                0.024082229487395957
            ],
            "score": -1.0
        }
    ]
}