{
    "frame_flag": "",
    "frame_index": 1437,
    "header": "Astyx Version_01_00",
    "objects": [
        {
            "center3d": [
                33.439516034854066,
                0.5868022956465543,
                1.0371819643856681
            ],
            "classname": "Car",
            "created_by": "s.moeller",
            "dimension3d": [
                4.098222678571974,
                1.8119377577674596,
                1.7463814554450838
            ],
            "label_certainty": 0,
            "measured_by": {
                "Camera": 1,
                "Lidar": 1,
                "Radar": 1
            },
            "object_id": -1,
            "occlusion": 0,
            "orientation_quat": [
                0.9994332504816931,
                -0.027218791036908246,
                -0.019290556623423126,
                0.004493291805026394
            ],
            "score": -1.0
        },
        {
            "center3d": [
                26.24992916890845,
                4.457332010417296,
                0.20889628184661083
            ],
            "classname": "Car",
            "created_by": "s.moeller",
            "dimension3d": [
                3.8628183171578594,
                1.77,
                1.549
            ],
            "label_certainty": 0,
            "measured_by": {
                "Camera": 1,
                "Lidar": 1,
                "Radar": 1
            },
            "object_id": -1,
            "occlusion": 0,
            "orientation_quat": [
                -0.031223417316902438,
                -0.019140125599451923,
                0.04688122620654124,
                0.9982288837899167
            ],
            "score": -1.0
        },
        {
            "center3d": [
                67.73,
                -0.82,
                3.21
            ],
            "classname": "Car",
            "created_by": "s.moeller",
            "dimension3d": [
                4.39,
                2.01,
                2.15
            ],
            "label_certainty": 1,
            "measured_by": {
                "Camera": 1,
                "Lidar": 1,
                "Radar": 1
            },
            "object_id": -1,
            "occlusion": 1,
            "orientation_quat": [
                0.9952591372002517,
                -0.01315025768642235,
                -0.035187462145431295,
                -0.08971155471819062
            ],
            "score": -1.0
        }
    ]
}