{
    "frame_flag": "",
    "frame_index": 1607,
    "header": "Astyx Version_01_00",
    "objects": [
        {
            "center3d": [
                26.15,
                -2.76,
                0.82
            ],
            "classname": "Car",
            "created_by": "unknown",
            "dimension3d": [
                3.79,
                1.66,
                1.57
            ],
            "label_certainty": 1,
            "measured_by": {
                "Camera": 1,
                "Lidar": 1,
                "Radar": 1
            },
            "object_id": -1,
            "occlusion": 0,
            "orientation_quat": [
                0.9854363607374961,
                -0.011071685686213553,
                -0.025810751405074,
                -0.16770927769330682
            ],
            "score": -1.0
        },
        {
            "center3d": [
                32.74,
                -0.54,
                1.05
            ],
            "classname": "Car",
            "created_by": "unknown",
            "dimension3d": [
                4.07,
                1.41,
                1.46
            ],
            "label_certainty": 1,
            "measured_by": {
                "Camera": 1,
                "Lidar": 1,
                "Radar": 1
            },
            "object_id": -1,
            "occlusion": 0,
            "orientation_quat": [
                0.1356903392053162,
                -0.023226902495110453,
                0.024313228468508516,
                0.990180544026324
            ],
            "score": -1.0
        },
        {
            "center3d": [
                14.36,
                -3.57,
                0.29
            ],
            "classname": "Car",
            "created_by": "unknown",
            "dimension3d": [
                3.55,
                1.61,
                1.49
            ],
            "label_certainty": 1,
            "measured_by": {
                "Camera": 1,
                "Lidar": 1,
                "Radar": 1
            },
            "object_id": -1,
            "occlusion": 1,
            "orientation_quat": [
                0.98462833107234,
                -0.023414858383369715,
                -0.023775511425116424,
                -0.1714453823031095
            ],
            "score": -1.0
        }
    ]
}