{
    "frame_flag": "",
    "frame_index": 2529,
    "header": "Astyx Version_01_00",
    "objects": [
        {
            "center3d": [
                13.153194351364471,
                -1.6165302633824887,
                -0.1532514425035758
            ],
            "classname": "Car",
            "created_by": "unknown_user",
            "dimension3d": [
                3.704,
                1.6313475109773374,
                1.504
            ],
            "label_certainty": 0,
            "measured_by": {
                "Camera": 1,
                "Lidar": 1,
                "Radar": 1
            },
            "object_id": -1,
            "occlusion": 0,
            "orientation_quat": [
                0.9998008276589646,
                -0.014475093407004983,
                -0.013739245020930494,
                -9.91441512559302e-05
            ],
            "score": -1.0
        },
        {
            "center3d": [
                40.96,
                -10.47,
                1.89
            ],
            "classname": "Car",
            "created_by": "unknown_user",
            "dimension3d": [
                4.37,
                1.82,
                1.95
            ],
            "label_certainty": 0,
            "measured_by": {
                "Camera": 1,
                "Lidar": 1,
                "Radar": 1
            },
            "object_id": -1,
            "occlusion": 0,
            "orientation_quat": [
                0.6426694044356931,
                -0.019827339648427988,
                0.0022559175369916105,
                0.7658836883240194
            ],
            "score": -1.0
        },
        {
            "center3d": [
                7.443919562230949,
                1.7598348406059712,
                -0.5701035227326501
            ],
            "classname": "Car",
            "created_by": "unknown_user",
            "dimension3d": [
                3.4862052305771805,
                1.5981569820615467,
                1.4615019478489117
            ],
            "label_certainty": 0,
            "measured_by": {
                "Camera": 1,
                "Lidar": 1,
                "Radar": 1
            },
            "object_id": -1,
            "occlusion": 0,
            "orientation_quat": [
                0.992934892879162,
                -0.0194543851861888,
                -0.009209417617932638,
                0.11669195356670146
            ],
            "score": -1.0
        },
        {
            "center3d": [
                13.184839681725023,
                2.22633772288633,
                -0.37516983858804226
            ],
            "classname": "Car",
            "created_by": "unknown_user",
            "dimension3d": [
                3.8647574983795567,
                1.7408440154529259,
                1.603008656417085
            ],
            "label_certainty": 0,
            "measured_by": {
                "Camera": 1,
                "Lidar": 1,
                "Radar": 1
            },
            "object_id": -1,
            "occlusion": 1,
            "orientation_quat": [
                0.9943486147746998,
                -0.019334835128482053,
                -0.009457510200632216,
                0.10395937642654099
            ],
            "score": -1.0
        },
        {
            "center3d": [
                27.18,
                8.59,
                -0.03
            ],
            "classname": "Car",
            "created_by": "unknown_user",
            "dimension3d": [
                4.23,
                1.8,
                1.62
            ],
            "label_certainty": 0,
            "measured_by": {
                "Camera": 1,
                "Lidar": 1,
                "Radar": 1
            },
            "object_id": -1,
            "occlusion": 1,
            "orientation_quat": [
                0.8067155547397458,
                -0.007979817865135023,
                -0.01999320640427656,
                -0.5905477186015197
            ],
            "score": -1.0
        },
        {
            "center3d": [
                11.981990825832915,
                -5.660689596712853,
                -0.12897705292007655
            ],
            "classname": "Car",
            "created_by": "unknown_user",
            "dimension3d": [
                3.5947113411056897,
                1.8,
                1.3366476785401893
            ],
            "label_certainty": 0,
            "measured_by": {
                "Camera": 1,
                "Lidar": 1,
                "Radar": 1
            },
            "object_id": -1,
            "occlusion": 0,
            "orientation_quat": [
                0.9990513641260101,
                -0.018389634673688676,
                -0.028929983757336422,
                -0.026856083376523628
            ],
            "score": -1.0
        },
        {
            "center3d": [
                42.74,
                -17.39,
                2.02
            ],
            "classname": "Car",
            "created_by": "unknown_user",
            "dimension3d": [
                4.05,
                1.8,
                1.5
            ],
            "label_certainty": 0,
            "measured_by": {
                "Camera": 1,
                "Lidar": 1,
                "Radar": 1
            },
            "object_id": -1,
            "occlusion": 1,
            "orientation_quat": [
                0.6369004306967542,
                -0.020419129525648488,
                0.006782770312944674,
                0.7706457646380637
            ],
            "score": -1.0
        }
    ]
}