{
    "frame_flag": "",
    "frame_index": 1441,
    "header": "Astyx Version_01_00",
    "objects": [
        {
            "center3d": [
                30.09440642993947,
                0.019897524029672597,
                0.885455136908218
            ],
            "classname": "Car",
            "created_by": "s.moeller",
            "dimension3d": [
                4.180651016894924,
                1.8542847644430076,
                1.7426848832815125
            ],
            "label_certainty": 0,
            "measured_by": {
                "Camera": 1,
                "Lidar": 1,
                "Radar": 1
            },
            "object_id": -1,
            "occlusion": 0,
            "orientation_quat": [
                0.9993817239629189,
                -0.026916066061323327,
                -0.019712519220345795,
                -0.011095574914096552
            ],
            "score": -1.0
        },
        {
            "center3d": [
                58.48172047385312,
                -4.39213183374077,
                3.1271974440651302
            ],
            "classname": "Car",
            "created_by": "s.moeller",
            "dimension3d": [
                4.39,
                2.01,
                2.15
            ],
            "label_certainty": 1,
            "measured_by": {
                "Camera": 1,
                "Lidar": 1,
                "Radar": 1
            },
            "object_id": -1,
            "occlusion": 1,
            "orientation_quat": [
                0.9684507092133874,
                -0.017466302847987322,
                -0.03427433274036001,
                -0.24621824100604833
            ],
            "score": -1.0
        },
        {
            "center3d": [
                78.35,
                14.42,
                3.11
            ],
            "classname": "Truck",
            "created_by": "s.moeller",
            "dimension3d": [
                5.45,
                2.15,
                2.88
            ],
            "label_certainty": 1,
            "measured_by": {
                "Camera": 1,
                "Lidar": 1,
                "Radar": 1
            },
            "object_id": -1,
            "occlusion": 1,
            "orientation_quat": [
                -0.25614151525724077,
                0.04870657465997731,
                -0.03302253037601529,
                -0.964846467700526
            ],
            "score": -1.0
        }
    ]
}