{
    "frame_flag": "",
    "frame_index": 2030,
    "header": "Astyx Version_01_00",
    "objects": [
        {
            "center3d": [
                19.83,
                -11.97,
                1.19
            ],
            "classname": "Car",
            "created_by": "unknown",
            "dimension3d": [
                3.82,
                1.78,
                1.5
            ],
            "label_certainty": 1,
            "measured_by": {
                "Camera": 1,
                "Lidar": 1,
                "Radar": 1
            },
            "object_id": -1,
            "occlusion": 1,
            "orientation_quat": [
                0.6425475305025548,
                -0.034211880796451474,
                0.013266396254057834,
                0.7653667232038954
            ],
            "score": -1.0
        },
        {
            "center3d": [
                14.37,
                -1.17,
                0.21
            ],
            "classname": "Car",
            "created_by": "unknown",
            "dimension3d": [
                4.39,
                1.78,
                1.67
            ],
            "label_certainty": 0,
            "measured_by": {
                "Camera": 1,
                "Lidar": 1,
                "Radar": 1
            },
            "object_id": -1,
            "occlusion": 0,
            "orientation_quat": [
                -0.7654112945789978,
                0.01327146069749739,
                0.0342104573107499,
                0.6424944070359265
            ],
            "score": -1.0
        },
        {
            "center3d": [
                28.93,
                -11.93,
                2.19
            ],
            "classname": "Person",
            "created_by": "unknown",
            "dimension3d": [
                0.47,
                0.55,
                1.7
            ],
            "label_certainty": 0,
            "measured_by": {
                "Camera": 1,
                "Lidar": 1,
                "Radar": 1
            },
            "object_id": -1,
            "occlusion": 0,
            "orientation_quat": [
                -0.18522429909126165,
                0.02332608906530411,
                -0.028327978103948347,
                -0.9820108849965008
            ],
            "score": -1.0
        }
    ]
}