{
    "frame_flag": "",
    "frame_index": 1424,
    "header": "Astyx Version_01_00",
    "objects": [
        {
            "center3d": [
                30.551105281388512,
                0.2275724464975739,
                0.8750824168064282
            ],
            "classname": "Car",
            "created_by": "s.schmidt",
            "dimension3d": [
                4.136277929516441,
                1.7653561112547167,
                1.7715191690277803
            ],
            "label_certainty": 0,
            "measured_by": {
                "Camera": 1,
                "Lidar": 1,
                "Radar": 1
            },
            "object_id": -1,
            "occlusion": 0,
            "orientation_quat": [
                0.9994422203259526,
                -0.027102558452054983,
                -0.0194535211832978,
                -0.0015033525381132067
            ],
            "score": -1.0
        },
        {
            "center3d": [
                26.44069081403829,
                4.80074401847532,
                0.26298278810179887
            ],
            "classname": "Car",
            "created_by": "s.schmidt",
            "dimension3d": [
                4.264367029847533,
                1.7272582558698473,
                1.4595168356338497
            ],
            "label_certainty": 0,
            "measured_by": {
                "Camera": 1,
                "Lidar": 1,
                "Radar": 1
            },
            "object_id": -1,
            "occlusion": 0,
            "orientation_quat": [
                -0.004917034384963704,
                -0.036582919866301064,
                0.027794546371037978,
                0.9989319175694313
            ],
            "score": -1.0
        },
        {
            "center3d": [
                78.78,
                0.7,
                3.75
            ],
            "classname": "Car",
            "created_by": "s.schmidt",
            "dimension3d": [
                4.65,
                2.06,
                2.08
            ],
            "label_certainty": 1,
            "measured_by": {
                "Camera": 1,
                "Lidar": 1,
                "Radar": 1
            },
            "object_id": -1,
            "occlusion": 2,
            "orientation_quat": [
                0.9987266487952575,
                -0.033584491604263494,
                -0.03712637098863995,
                0.0062286023385266735
            ],
            "score": -1.0
        }
    ]
}