{
    "frame_flag": "",
    "frame_index": 1714,
    "header": "Astyx Version_01_00",
    "objects": [
        {
            "center3d": [
                29.85,
                4.28,
                0.37
            ],
            "classname": "Car",
            "created_by": "s.moeller",
            "dimension3d": [
                4.08,
                1.66,
                1.45
            ],
            "label_certainty": 1,
            "measured_by": {
                "Camera": 1,
                "Lidar": 1,
                "Radar": 1
            },
            "object_id": -1,
            "occlusion": 0,
            "orientation_quat": [
                -0.32533577458324364,
                -0.014565602193901267,
                0.04663071278883252,
                0.9443357737763911
            ],
            "score": -1.0
        },
        {
            "center3d": [
                62.9977842776561,
                1.8433071483265255,
                2.69339229158678
            ],
            "classname": "Car",
            "created_by": "s.moeller",
            "dimension3d": [
                4.267090763780216,
                1.966237971913672,
                2.240595715526714
            ],
            "label_certainty": 1,
            "measured_by": {
                "Camera": 1,
                "Lidar": 1,
                "Radar": 1
            },
            "object_id": -1,
            "occlusion": 0,
            "orientation_quat": [
                0.9993621472206538,
                -0.027377043984316087,
                -0.019065296002970057,
                0.012740119839492067
            ],
            "score": -1.0
        },
        {
            "center3d": [
                48.52,
                -1.4,
                2.37
            ],
            "classname": "Trailer",
            "created_by": "s.moeller",
            "dimension3d": [
                3.05,
                1.67,
                2.43
            ],
            "label_certainty": 2,
            "measured_by": {
                "camera": 0,
                "lidar": 0,
                "radar": 0
            },
            "object_id": -1,
            "occlusion": 1,
            "orientation_quat": [
                0.9978143207970769,
                -0.05755014723756622,
                -0.027234914964822252,
                -0.01768675131452187
            ],
            "score": -1.0
        }
    ]
}