{
    "frame_flag": "",
    "frame_index": 1487,
    "header": "Astyx Version_01_00",
    "objects": [
        {
            "center3d": [
                59.49000000000018,
                2.5899999999999905,
                2.1400000000000015
            ],
            "classname": "Car",
            "created_by": "unknown",
            "dimension3d": [
                3.97,
                1.89,
                1.68
            ],
            "label_certainty": 1,
            "measured_by": {
                "Camera": 1,
                "Lidar": 1,
                "Radar": 1
            },
            "object_id": -1,
            "occlusion": 0,
            "orientation_quat": [
                0.9991921081248715,
                -0.02757432983469481,
                -0.018799822391198494,
                0.022390937300662193
            ],
            "score": -1.0
        },
        {
            "center3d": [
                19.95,
                -8.42,
                1.16
            ],
            "classname": "Car",
            "created_by": "unknown",
            "dimension3d": [
                4.23,
                1.79,
                1.61
            ],
            "label_certainty": 2,
            "measured_by": {
                "Camera": 1,
                "Lidar": 1,
                "Radar": 1
            },
            "object_id": -1,
            "occlusion": 1,
            "orientation_quat": [
                0.7696659651281215,
                -0.03327864057389908,
                0.0023598838425247896,
                0.6375745173336216
            ],
            "score": -1.0
        },
        {
            "center3d": [
                15.066118426733508,
                -3.866277693875288,
                0.5145575808271452
            ],
            "classname": "Person",
            "created_by": "unknown",
            "dimension3d": [
                0.5,
                0.6,
                1.8
            ],
            "label_certainty": 0,
            "measured_by": {
                "Camera": 1,
                "Lidar": 1,
                "Radar": 1
            },
            "object_id": -1,
            "occlusion": 0,
            "orientation_quat": [
                0.004261676373855241,
                0.017535037663268655,
                -0.03223187143006112,
                -0.9993175006136681
            ],
            "score": -1.0
        },
        {
            "center3d": [
                40.07,
                -3.36,
                1.82
            ],
            "classname": "Person",
            "created_by": "unknown",
            "dimension3d": [
                0.5,
                0.6,
                1.75
            ],
            "label_certainty": 0,
            "measured_by": {
                "Camera": 1,
                "Lidar": 1,
                "Radar": 1
            },
            "object_id": -1,
            "occlusion": 0,
            "orientation_quat": [
                0.004261676373855157,
                0.017535037663268627,
                -0.03223187143006112,
                -0.999317500613668
            ],
            "score": -1.0
        },
        {
            "center3d": [
                17.32,
                -8.48,
                0.92
            ],
            "classname": "Car",
            "created_by": "unknown",
            "dimension3d": [
                3.83,
                1.79,
                1.43
            ],
            "label_certainty": 2,
            "measured_by": {
                "Camera": 1,
                "Lidar": 1,
                "Radar": 1
            },
            "object_id": -1,
            "occlusion": 1,
            "orientation_quat": [
                0.7696659651281229,
                -0.03327864057389914,
                0.0023598838425246764,
                0.6375745173336198
            ],
            "score": -1.0
        },
        {
            "center3d": [
                24.64170114679281,
                -8.275875069569963,
                1.3318960501141637
            ],
            "classname": "Car",
            "created_by": "unknown",
            "dimension3d": [
                4.121311733021685,
                1.6898528217919995,
                1.61
            ],
            "label_certainty": 2,
            "measured_by": {
                "Camera": 1,
                "Lidar": 1,
                "Radar": 1
            },
            "object_id": -1,
            "occlusion": 1,
            "orientation_quat": [
                0.7690203999117791,
                -0.033276022450093395,
                0.002394408732026425,
                0.638353035283966
            ],
            "score": -1.0
        },
        {
            "center3d": [
                28.304273352356184,
                -8.206776010136357,
                1.4720251897914074
            ],
            "classname": "Car",
            "created_by": "unknown",
            "dimension3d": [
                4.092166640960379,
                1.6408562953450572,
                1.61
            ],
            "label_certainty": 2,
            "measured_by": {
                "Camera": 1,
                "Lidar": 1,
                "Radar": 1
            },
            "object_id": -1,
            "occlusion": 1,
            "orientation_quat": [
                0.7696659651281229,
                -0.03327864057389914,
                0.0023598838425246764,
                0.6375745173336198
            ],
            "score": -1.0
        },
        {
            "center3d": [
                35.7845280514614,
                -8.230081306838215,
                1.9239263995368128
            ],
            "classname": "Car",
            "created_by": "unknown",
            "dimension3d": [
                4.23,
                1.69,
                1.61
            ],
            "label_certainty": 2,
            "measured_by": {
                "Camera": 1,
                "Lidar": 1,
                "Radar": 1
            },
            "object_id": -1,
            "occlusion": 1,
            "orientation_quat": [
                0.7696659651281229,
                -0.03327864057389914,
                0.0023598838425246764,
                0.6375745173336198
            ],
            "score": -1.0
        },
        {
            "center3d": [
                41.0466323997492,
                -7.967430934371926,
                2.2895294796771415
            ],
            "classname": "Car",
            "created_by": "unknown",
            "dimension3d": [
                4.163402556417608,
                1.79,
                1.61
            ],
            "label_certainty": 2,
            "measured_by": {
                "Camera": 1,
                "Lidar": 1,
                "Radar": 1
            },
            "object_id": -1,
            "occlusion": 1,
            "orientation_quat": [
                0.7696659651281229,
                -0.03327864057389914,
                0.0023598838425246764,
                0.6375745173336198
            ],
            "score": -1.0
        },
        {
            "center3d": [
                32.80898506806578,
                -8.049653303705805,
                1.7382361244384317
            ],
            "classname": "Car",
            "created_by": "unknown",
            "dimension3d": [
                4.23,
                1.69,
                1.61
            ],
            "label_certainty": 2,
            "measured_by": {
                "Camera": 1,
                "Lidar": 1,
                "Radar": 1
            },
            "object_id": -1,
            "occlusion": 1,
            "orientation_quat": [
                0.7696659651281229,
                -0.03327864057389914,
                0.0023598838425246764,
                0.6375745173336198
            ],
            "score": -1.0
        }
    ]
}