{
    "frame_flag": "",
    "frame_index": 1790,
    "header": "Astyx Version_01_00",
    "objects": [
        {
            "center3d": [
                3.3,
                -4.18,
                -0.46
            ],
            "classname": "Car",
            "created_by": "s.moeller",
            "dimension3d": [
                3.79,
                1.85,
                1.45
            ],
            "label_certainty": 0,
            "measured_by": {
                "Camera": 1,
                "Lidar": 1,
                "Radar": 1
            },
            "object_id": -1,
            "occlusion": 2,
            "orientation_quat": [
                0.3073895949269372,
                0.01308614394161337,
                -0.03435234799992214,
                -0.9508734437107208
            ],
            "score": -1.0
        },
        {
            "center3d": [
                3.84764372195296,
                4.960951681187616,
                -1.0418905756235124
            ],
            "classname": "Car",
            "created_by": "s.moeller",
            "dimension3d": [
                3.5001881905574828,
                1.85,
                1.4467500069260157
            ],
            "label_certainty": 0,
            "measured_by": {
                "Camera": 1,
                "Lidar": 1,
                "Radar": 1
            },
            "object_id": -1,
            "occlusion": 2,
            "orientation_quat": [
                0.26798052794123617,
                0.014489638113519413,
                -0.033787050550272445,
                -0.9627226611266555
            ],
            "score": -1.0
        },
        {
            "center3d": [
                23.27,
                -1.42,
                0.07
            ],
            "classname": "Car",
            "created_by": "s.moeller",
            "dimension3d": [
                3.92,
                1.78,
                1.45
            ],
            "label_certainty": 1,
            "measured_by": {
                "Camera": 1,
                "Lidar": 1,
                "Radar": 1
            },
            "object_id": -1,
            "occlusion": 1,
            "orientation_quat": [
                0.33494527809185837,
                0.01208358449482073,
                -0.03473658350174169,
                -0.94151952578603
            ],
            "score": -1.0
        },
        {
            "center3d": [
                23.006756852196876,
                -4.704927967696417,
                0.23873963841033463
            ],
            "classname": "Car",
            "created_by": "s.moeller",
            "dimension3d": [
                3.9347767294872296,
                1.78,
                1.671869451044495
            ],
            "label_certainty": 1,
            "measured_by": {
                "Camera": 1,
                "Lidar": 1,
                "Radar": 1
            },
            "object_id": -1,
            "occlusion": 1,
            "orientation_quat": [
                0.3157642574844566,
                -0.002720049429707548,
                -0.033525964880468294,
                -0.9482412903397655
            ],
            "score": -1.0
        },
        {
            "center3d": [
                27.59,
                -10.07,
                0.66
            ],
            "classname": "Car",
            "created_by": "s.moeller",
            "dimension3d": [
                4.19,
                1.78,
                1.67
            ],
            "label_certainty": 1,
            "measured_by": {
                "Camera": 1,
                "Lidar": 1,
                "Radar": 1
            },
            "object_id": -1,
            "occlusion": 0,
            "orientation_quat": [
                0.5123047615909263,
                -0.010030280597564228,
                -0.03225537020600389,
                -0.8581391587704597
            ],
            "score": -1.0
        }
    ]
}