{
    "frame_flag": "",
    "frame_index": 1712,
    "header": "Astyx Version_01_00",
    "objects": [
        {
            "center3d": [
                38.42,
                5.53,
                0.61
            ],
            "classname": "Car",
            "created_by": "m.meyer",
            "dimension3d": [
                3.89,
                1.74,
                1.54
            ],
            "label_certainty": 0,
            "measured_by": {
                "Camera": 1,
                "Lidar": 1,
                "Radar": 1
            },
            "object_id": -1,
            "occlusion": 1,
            "orientation_quat": [
                0.5285735967023646,
                0.00212903929888713,
                -0.03329935262714527,
                -0.8482314384502634
            ],
            "score": -1.0
        },
        {
            "center3d": [
                15.094457907744474,
                3.6745572445733377,
                -0.2026626646757512
            ],
            "classname": "Car",
            "created_by": "m.meyer",
            "dimension3d": [
                3.634,
                1.716,
                1.6944152379016055
            ],
            "label_certainty": 0,
            "measured_by": {
                "Camera": 1,
                "Lidar": 1,
                "Radar": 1
            },
            "object_id": -1,
            "occlusion": 0,
            "orientation_quat": [
                0.014237546498130211,
                -0.03685296660140778,
                0.027090781772617787,
                0.9988519613362821
            ],
            "score": -1.0
        },
        {
            "center3d": [
                65.25931043694153,
                2.28569878915058,
                2.5982232558136062
            ],
            "classname": "Car",
            "created_by": "m.meyer",
            "dimension3d": [
                4.26915741895889,
                2.03,
                2.27
            ],
            "label_certainty": 0,
            "measured_by": {
                "Camera": 1,
                "Lidar": 1,
                "Radar": 1
            },
            "object_id": -1,
            "occlusion": 0,
            "orientation_quat": [
                -0.9993655103420028,
                0.027379699026601822,
                0.019072601626637046,
                -0.012456511842109934
            ],
            "score": -1.0
        }
    ]
}