{
    "frame_flag": "",
    "frame_index": 2021,
    "header": "Astyx Version_01_00",
    "objects": [
        {
            "center3d": [
                8.55,
                3.18,
                -0.46
            ],
            "classname": "Cyclist",
            "created_by": "unknown",
            "dimension3d": [
                1.62,
                0.74,
                1.57
            ],
            "label_certainty": 0,
            "measured_by": {
                "Camera": 1,
                "Lidar": 1,
                "Radar": 1
            },
            "object_id": -1,
            "occlusion": 0,
            "orientation_quat": [
                0.9800811779081897,
                -0.03499467371527358,
                -0.011052125123102607,
                0.1951771196936778
            ],
            "score": -1.0
        },
        {
            "center3d": [
                26.87,
                1.89,
                1.13
            ],
            "classname": "Person",
            "created_by": "unknown",
            "dimension3d": [
                0.61,
                0.55,
                1.89
            ],
            "label_certainty": 0,
            "measured_by": {
                "Camera": 1,
                "Lidar": 1,
                "Radar": 1
            },
            "object_id": -1,
            "occlusion": 0,
            "orientation_quat": [
                0.6895576626916237,
                -0.03498493481800807,
                0.011080301964257265,
                0.7233004293289377
            ],
            "score": -1.0
        },
        {
            "center3d": [
                41.09353829383849,
                10.082114518052746,
                1.3191089612969844
            ],
            "classname": "Car",
            "created_by": "unknown",
            "dimension3d": [
                3.8163663766929825,
                1.6780084742910408,
                1.4652568903889325
            ],
            "label_certainty": 2,
            "measured_by": {
                "Camera": 1,
                "Lidar": 1,
                "Radar": 1
            },
            "object_id": -1,
            "occlusion": 0,
            "orientation_quat": [
                -0.9941149441154685,
                0.03379955011945137,
                0.014300268819735661,
                -0.10192433767116198
            ],
            "score": -1.0
        }
    ]
}