{
    "frame_flag": "",
    "frame_index": 3112,
    "header": "Astyx Version_01_00",
    "objects": [
        {
            "center3d": [
                37.03202024841605,
                -3.050305121740772,
                1.1246999156671413
            ],
            "classname": "Car",
            "created_by": "unknown_user",
            "dimension3d": [
                3.9,
                1.73,
                1.4516291296880997
            ],
            "label_certainty": 1,
            "measured_by": {
                "Camera": 1,
                "Lidar": 1,
                "Radar": 1
            },
            "object_id": -1,
            "occlusion": 0,
            "orientation_quat": [
                -0.996277161824797,
                0.012754924275344517,
                0.008922473977048326,
                0.08479102659590022
            ],
            "score": -1.0
        },
        {
            "center3d": [
                52.774344424920336,
                -2.8029263197281225,
                1.6632795578412707
            ],
            "classname": "Car",
            "created_by": "unknown_user",
            "dimension3d": [
                4.129371850451932,
                1.72,
                1.4881843222128226
            ],
            "label_certainty": 2,
            "measured_by": {
                "Camera": 1,
                "Lidar": 1,
                "Radar": 1
            },
            "object_id": -1,
            "occlusion": 1,
            "orientation_quat": [
                -0.9998002912180048,
                0.01449063061430045,
                0.013724022300944383,
                -0.001024947157571976
            ],
            "score": -1.0
        },
        {
            "center3d": [
                11.13,
                2.7,
                -0.09
            ],
            "classname": "Car",
            "created_by": "unknown_user",
            "dimension3d": [
                4.48,
                1.9,
                1.9
            ],
            "label_certainty": 0,
            "measured_by": {
                "Camera": 1,
                "Lidar": 1,
                "Radar": 1
            },
            "object_id": -1,
            "occlusion": 0,
            "orientation_quat": [
                -0.12250508286523741,
                0.03214979558556073,
                -0.019004091496696376,
                -0.9917649619856377
            ],
            "score": -1.0
        },
        {
            "center3d": [
                28.47,
                2.64,
                0.87
            ],
            "classname": "Car",
            "created_by": "unknown_user",
            "dimension3d": [
                4.21,
                1.8,
                1.71
            ],
            "label_certainty": 1,
            "measured_by": {
                "Camera": 1,
                "Lidar": 1,
                "Radar": 1
            },
            "object_id": -1,
            "occlusion": 1,
            "orientation_quat": [
                0.8697401968434573,
                -0.007750638251656403,
                -0.013667825560566373,
                -0.4932596761806526
            ],
            "score": -1.0
        },
        {
            "center3d": [
                70.32,
                -1.3,
                2.38
            ],
            "classname": "Car",
            "created_by": "unknown_user",
            "dimension3d": [
                3.54,
                1.61,
                1.53
            ],
            "label_certainty": 2,
            "measured_by": {
                "Camera": 1,
                "Lidar": 1,
                "Radar": 1
            },
            "object_id": -1,
            "occlusion": 0,
            "orientation_quat": [
                -0.997713598889208,
                0.015333623655683831,
                0.01277525534995623,
                -0.06456970983266087
            ],
            "score": -1.0
        }
    ]
}