{
    "frame_flag": "",
    "frame_index": 3261,
    "header": "Astyx Version_01_00",
    "objects": [
        {
            "center3d": [
                46.14893955347492,
                0.07425033521116697,
                1.0012496452269328
            ],
            "classname": "Car",
            "created_by": "unknown_user",
            "dimension3d": [
                3.901949660549087,
                1.8934154285860958,
                1.588943695930884
            ],
            "label_certainty": 0,
            "measured_by": {
                "Camera": 1,
                "Lidar": 1,
                "Radar": 1
            },
            "object_id": -1,
            "occlusion": 0,
            "orientation_quat": [
                0.999777176720822,
                -0.014570567164247036,
                -0.013638864020345894,
                0.006875817688758449
            ],
            "score": -1.0
        },
        {
            "center3d": [
                32.63265714453106,
                -2.7473283587439985,
                0.7819182880616353
            ],
            "classname": "Car",
            "created_by": "unknown_user",
            "dimension3d": [
                4.015481222975324,
                1.76,
                1.6
            ],
            "label_certainty": 1,
            "measured_by": {
                "Camera": 1,
                "Lidar": 1,
                "Radar": 1
            },
            "object_id": -1,
            "occlusion": 1,
            "orientation_quat": [
                0.9996357202634861,
                -0.014723812888539682,
                -0.013469921666532289,
                0.018171332301796322
            ],
            "score": -1.0
        },
        {
            "center3d": [
                23.964155699987465,
                6.40523301268006,
                -0.27334991646066653
            ],
            "classname": "Car",
            "created_by": "unknown_user",
            "dimension3d": [
                3.739,
                1.703,
                1.506
            ],
            "label_certainty": 0,
            "measured_by": {
                "Camera": 1,
                "Lidar": 1,
                "Radar": 1
            },
            "object_id": -1,
            "occlusion": 0,
            "orientation_quat": [
                0.014323851310290278,
                -0.013944597628218253,
                0.014277970564068926,
                0.9996982119805954
            ],
            "score": -1.0
        },
        {
            "center3d": [
                28.39,
                6.17,
                -0.01
            ],
            "classname": "Car",
            "created_by": "unknown_user",
            "dimension3d": [
                3.95,
                1.67,
                1.49
            ],
            "label_certainty": 0,
            "measured_by": {
                "Camera": 1,
                "Lidar": 1,
                "Radar": 1
            },
            "object_id": -1,
            "occlusion": 1,
            "orientation_quat": [
                0.0037104005495334044,
                0.013682896260618716,
                -0.014527391817426495,
                -0.9997939618564748
            ],
            "score": -1.0
        },
        {
            "center3d": [
                70.67294123703716,
                3.130465233476908,
                1.8558803096014356
            ],
            "classname": "Car",
            "created_by": "unknown_user",
            "dimension3d": [
                3.719,
                1.751,
                1.595
            ],
            "label_certainty": 0,
            "measured_by": {
                "Camera": 1,
                "Lidar": 1,
                "Radar": 1
            },
            "object_id": -1,
            "occlusion": 0,
            "orientation_quat": [
                0.020168724289390857,
                0.013444015542438832,
                -0.014750729489315217,
                -0.9995973674365927
            ],
            "score": -1.0
        },
        {
            "center3d": [
                40.55,
                6.33,
                0.98
            ],
            "classname": "Car",
            "created_by": "unknown_user",
            "dimension3d": [
                6.62,
                2.17,
                2.73
            ],
            "label_certainty": 0,
            "measured_by": {
                "Camera": 1,
                "Lidar": 1,
                "Radar": 1
            },
            "object_id": -1,
            "occlusion": 1,
            "orientation_quat": [
                -0.01725507705342478,
                0.01406005594539204,
                -0.009289499038851056,
                -0.9997090988634145
            ],
            "score": -1.0
        },
        {
            "center3d": [
                33.3,
                6.24,
                0.11
            ],
            "classname": "Car",
            "created_by": "unknown_user",
            "dimension3d": [
                3.95,
                1.67,
                1.49
            ],
            "label_certainty": 1,
            "measured_by": {
                "Camera": 1,
                "Lidar": 1,
                "Radar": 1
            },
            "object_id": -1,
            "occlusion": 2,
            "orientation_quat": [
                0.0357844757128452,
                0.013206526552099685,
                -0.014958913440777521,
                -0.9991602923770825
            ],
            "score": -1.0
        },
        {
            "center3d": [
                38.14,
                -2.92,
                1.17
            ],
            "classname": "Car",
            "created_by": "unknown_user",
            "dimension3d": [
                4.0,
                1.69,
                1.81
            ],
            "label_certainty": 2,
            "measured_by": {
                "Camera": 1,
                "Lidar": 1,
                "Radar": 1
            },
            "object_id": -1,
            "occlusion": 2,
            "orientation_quat": [
                0.9997677876315965,
                -0.018233768883052087,
                -0.011431362783458687,
                -0.0011065403090949055
            ],
            "score": -1.0
        },
        {
            "center3d": [
                43.37,
                -3.18,
                1.11
            ],
            "classname": "Car",
            "created_by": "unknown_user",
            "dimension3d": [
                4.0,
                1.8,
                1.5
            ],
            "label_certainty": 2,
            "measured_by": {
                "Camera": 1,
                "Lidar": 1,
                "Radar": 1
            },
            "object_id": -1,
            "occlusion": 2,
            "orientation_quat": [
                0.9997679182710495,
                -0.018256444658384337,
                -0.011402099966138609,
                0.0008966274419512922
            ],
            "score": -1.0
        },
        {
            "center3d": [
                18.27837369163234,
                -2.8848533975293074,
                0.6383098137872831
            ],
            "classname": "Car",
            "created_by": "unknown_user",
            "dimension3d": [
                5.087341524889569,
                1.987337101554288,
                2.366685488412466
            ],
            "label_certainty": 0,
            "measured_by": {
                "Camera": 1,
                "Lidar": 1,
                "Radar": 1
            },
            "object_id": -1,
            "occlusion": 0,
            "orientation_quat": [
                0.9985576707577221,
                -0.05157233168074888,
                -0.011268027516787387,
                -0.00979307570708174
            ],