{
    "GPS_A_Lat": -0.19700000000000273,
    "GPS_A_Lon": -0.7140000000000057,
    "GPS_Banking": 2.100000000000364,
    "GPS_CourAccu": 1.94,
    "GPS_Course": 138.76,
    "GPS_GDOP": 1.8800000000000001,
    "GPS_HDOP": 0.87,
    "GPS_HorAccu": 0.866,
    "GPS_Lat_dez": 48.125372299999995,
    "GPS_Latitude": 48.0752233,
    "GPS_Lon_dez": 11.6198184,
    "GPS_Longitud": 11.371891,
    "GPS_PDOP": 1.6400000000000001,
    "GPS_SpAccu": 0.7919999999999999,
    "GPS_Speed_3D": 30.131999999999998,
    "GPS_VDOP": 1.3900000000000001,
    "GPS_V_Sat": 29.41,
    "GPS_VerAccu": 0.9490000000000001,
    "GPS_Yawrate": -1.3700000000000045,
    "LAT_ACCEL": 0.09999999999999964,
    "LONG_ACCEL": 1.1899999999999995,
    "Timestamp": 1569330145.0039845,
    "YAW_RATE": -2.6799999999999997,
    "vehicle_speed": 28.0
}