{
    "GPS_A_Lat": 0.0,
    "GPS_A_Lon": -0.3400000000000034,
    "GPS_Banking": 4.547473508864641e-13,
    "GPS_CourAccu": 44.26,
    "GPS_Course": 266.24,
    "GPS_GDOP": 1.79,
    "GPS_HDOP": 0.8200000000000001,
    "GPS_HorAccu": 0.497,
    "GPS_Lat_dez": 48.1375525,
    "GPS_Latitude": 48.082531499999995,
    "GPS_Lon_dez": 11.6203471,
    "GPS_Longitud": 11.3722082,
    "GPS_PDOP": 1.56,
    "GPS_SpAccu": 0.504,
    "GPS_Speed_3D": 0.10799999999999998,
    "GPS_VDOP": 1.32,
    "GPS_V_Sat": NaN,
    "GPS_VerAccu": 0.719,
    "GPS_Yawrate": 0.0,
    "LAT_ACCEL": 0.41999999999999993,
    "LONG_ACCEL": -0.07000000000000028,
    "Timestamp": 1569329849.9909887,
    "YAW_RATE": -0.4299999999999997,
    "vehicle_speed": 0.0
}