{
    "GPS_A_Lat": 0.054999999999999716,
    "GPS_A_Lon": -0.13600000000000279,
    "GPS_Banking": 4.547473508864641e-13,
    "GPS_CourAccu": 19.54,
    "GPS_Course": 256.91,
    "GPS_GDOP": 1.99,
    "GPS_HDOP": 0.93,
    "GPS_HorAccu": 0.603,
    "GPS_Lat_dez": 48.137001999999995,
    "GPS_Latitude": 48.0822012,
    "GPS_Lon_dez": 11.615299199999999,
    "GPS_Longitud": 11.3691795,
    "GPS_PDOP": 1.71,
    "GPS_SpAccu": 0.612,
    "GPS_Speed_3D": 1.944,
    "GPS_VDOP": 1.43,
    "GPS_V_Sat": 1.94,
    "GPS_VerAccu": 0.867,
    "GPS_Yawrate": 6.0,
    "LAT_ACCEL": 0.4299999999999997,
    "LONG_ACCEL": -0.370000000000001,
    "Timestamp": 1569329944.9950573,
    "YAW_RATE": -0.17999999999999972,
    "vehicle_speed": 2.0
}