{
    "GPS_A_Lat": 0.9499999999999957,
    "GPS_A_Lon": 0.3739999999999952,
    "GPS_Banking": -3.199999999999818,
    "GPS_CourAccu": 0.86,
    "GPS_Course": 192.28,
    "GPS_GDOP": 2.54,
    "GPS_HDOP": 1.06,
    "GPS_HorAccu": 0.737,
    "GPS_Lat_dez": 48.1207522,
    "GPS_Latitude": 48.0724513,
    "GPS_Lon_dez": 11.620246499999999,
    "GPS_Longitud": 11.3721479,
    "GPS_PDOP": 2.13,
    "GPS_SpAccu": 0.612,
    "GPS_Speed_3D": 56.05199999999999,
    "GPS_VDOP": 1.85,
    "GPS_V_Sat": 56.050000000000004,
    "GPS_VerAccu": 1.092,
    "GPS_Yawrate": 3.5,
    "LAT_ACCEL": -0.2400000000000002,
    "LONG_ACCEL": -0.09999999999999964,
    "Timestamp": 1569330183.0087278,
    "YAW_RATE": -2.0600000000000023,
    "vehicle_speed": 55.0
}