{
    "frame_flag": "",
    "frame_index": 3,
    "header": "Astyx Version_01_00",
    "objects": [
        {
            "center3d": [
                -2.3631310747634786,
                5.749466711248714,
                -1.1480914447239818
            ],
            "classname": "Car",
            "created_by": "k.krachenfels",
            "dimension3d": [
                4.0,
                1.8,
                1.5
            ],
            "label_certainty": 0,
            "measured_by": {
                "camera": 1,
                "lidar": 1,
                "radar": 1
            },
            "object_id": -1,
            "occlusion": 0,
            "orientation_quat": [
                1.9081958235744878e-17,
                -0.03205545161216962,
                -0.005148373283878575,
                0.9994728321842818
            ],
            "score": -1.0
        },
        {
            "center3d": [
                16.754792058247887,
                6.392155316784701,
                0.034582358488511544
            ],
            "classname": "Car",
            "created_by": "k.krachenfels",
            "dimension3d": [
                4.0,
                1.7448054303066196,
                1.7302819586649187
            ],
            "label_certainty": 0,
            "measured_by": {
                "camera": 1,
                "lidar": 1,
                "radar": 1
            },
            "object_id": -1,
            "occlusion": 0,
            "orientation_quat": [
                -0.009823099610273361,
                -0.032096233911306615,
                -0.0048329769862229255,
                0.9994248249949609
            ],
            "score": -1.0
        },
        {
            "center3d": [
                36.7,
                6.04,
                1.39
            ],
            "classname": "Car",
            "created_by": "k.krachenfels",
            "dimension3d": [
                4.0,
                1.68,
                1.5
            ],
            "label_certainty": 0,
            "measured_by": {
                "camera": 1,
                "lidar": 1,
                "radar": 1
            },
            "object_id": -1,
            "occlusion": 1,
            "orientation_quat": [
                0.021254075329421918,
                -0.03193315028560553,
                -0.005828872934545176,
                0.9992469977112972
            ],
            "score": -1.0
        },
        {
            "center3d": [
                41.34,
                -6.31,
                1.78
            ],
            "classname": "Car",
            "created_by": "k.krachenfels",
            "dimension3d": [
                4.0,
                1.8,
                1.43
            ],
            "label_certainty": 1,
            "measured_by": {
                "camera": 1,
                "lidar": 1,
                "radar": 1
            },
            "object_id": -1,
            "occlusion": 1,
            "orientation_quat": [
                -0.9991494685094673,
                -0.005963357600528597,
                0.03188697078912261,
                0.025455825212928843
            ],
            "score": -1.0
        },
        {
            "center3d": [
                22.82231491826499,
                -2.655858227545489,
                0.45210487062729
            ],
            "classname": "Car",
            "created_by": "k.krachenfels",
            "dimension3d": [
                4.0,
                1.5842320769557308,
                1.5
            ],
            "label_certainty": 0,
            "measured_by": {
                "camera": 1,
                "lidar": 1,
                "radar": 1
            },
            "object_id": -1,
            "occlusion": 0,
            "orientation_quat": [
                0.9994635365021488,
                0.005008530633205388,
                -0.0320705917487179,
                0.004362449816482206
            ],
            "score": -1.0
        },
        {
            "center3d": [
                32.5187359799387,
                -0.2470840525417176,
                1.1876630335039238
            ],
            "classname": "Car",
            "created_by": "k.krachenfels",
            "dimension3d": [
                4.0,
                1.8,
                1.3746639056695404
            ],
            "label_certainty": 0,
            "measured_by": {
                "camera": 1,
                "lidar": 1,
                "radar": 1
            },
            "object_id": -1,
            "occlusion": 0,
            "orientation_quat": [
                0.9992807215402679,
                0.005776074596215168,
                -0.031945603293775715,
                -0.019599871183689832
            ],
            "score": -1.0
        },
        {
            "center3d": [
                47.84,
                -0.52,
                2.14
            ],
            "classname": "Car",
            "created_by": "k.krachenfels",
            "dimension3d": [
                4.0,
                1.8,
                1.72
            ],
            "label_certainty": 1,
            "measured_by": {
                "camera": 1,
                "lidar": 1,
                "radar": 1
            },
            "object_id": -1,
            "occlusion": 1,
            "orientation_quat": [
                0.9994728321842818,
                0.005148373283878569,
                -0.03205545161216958,
                0.0
            ],
            "score": -1.0
        },
        {
            "center3d": [
                55.52040249784421,
                -3.921411200827233,
                2.5811589080018527
            ],
            "classname": "Car",
            "created_by": "k.krachenfels",
            "dimension3d": [
                4.0,
                1.8,
                1.5
            ],
            "label_certainty": 0,
            "measured_by": {
                "camera": 1,
                "lidar": 1,
                "radar": 1
            },
            "object_id": -1,
            "occlusion": 0,
            "orientation_quat": [
                0.9988848535077972,
                0.006245566126780851,
                -0.031844262121423876,
                -0.034292642161325645
            ],
            "score": -1.0
        },
        {
            "center3d": [
                55.96989028618361,
                4.899987423071273,
                2.570003300268135
            ],
            "classname": "Car",
            "created_by": "k.krachenfels",
            "dimension3d": [
                4.0,
                1.72,
                1.5
            ],
            "label_certainty": 0,
            "measured_by": {
                "camera": 1,
                "lidar": 1,
                "radar": 1
            },
            "object_id": -1,
            "occlusion": 0,
            "orientation_quat": [
                0.0400167806927149,
                -0.031770249806475616,
                -0.006433639784263123,
                0.9986730780237103
            ],
            "score": -1.0
        },
        {
            "center3d": [
                71.51,
                -8.61,
                3.38
            ],
            "classname": "Car",
            "created_by": "k.krachenfels",
            "dimension3d": [
                4.0,
                1.8,
                1.74
            ],
            "label_certainty": 1,
            "measured_by": {
                "camera": 1,
                "lidar": 0,
                "radar": 1
            },
            "object_id": -1,
            "occlusion": 1,
            "orientation_quat": [
                0.9976542480827602,
                0.0067999230955348156,
                -0.031519449388726556,
                -0.06038449004958868
            ],