{
    "sensors": [
        {
            "calib_data": {
                "T_to_ref_COS": [
                    [
                        1.0,
                        0.0,
                        0.0,
                        0.0
                    ],
                    [
                        0.0,
                        1.0,
                        0.0,
                        0.0
                    ],
                    [
                        0.0,
                        0.0,
                        1.0,
                        0.0
                    ],
                    [
                        0.0,
                        0.0,
                        0.0,
                        1.0
                    ]
                ]
            },
            "sensor_uid": "radar_6455"
        },
        {
            "calib_data": {
                "T_to_ref_COS": [
                    [
                        0.9982015,
                        0.04843654,
                        -0.03532153,
                        -0.1326520881017172
                    ],
                    [
                        -0.04609754,
                        0.99686721,
                        0.06427134,
                        0.0157771060919497
                    ],
                    [
                        0.03832396,
                        -0.06252752,
                        0.99730719,
                        0.11511798526730879
                    ],
                    [
                        0.0,
                        0.0,
                        0.0,
                        1.0
                    ]
                ]
            },
            "sensor_uid": "lidar_vlp16"
        },
        {
            "calib_data": {
                "K": [
                    [
                        1817.98103,
                        0.0,
                        1040.27484
                    ],
                    [
                        0.0,
                        1816.83987,
                        319.497539
                    ],
                    [
                        0.0,
                        0.0,
                        1.0
                    ]
                ],
                "T_to_ref_COS": [
                    [
                        0.015721251542359097,
                        0.0388038506130491,
                        0.9991231397751291,
                        -0.04286578070231163
                    ],
                    [
                        -0.9983693562813132,
                        -0.054233366081888695,
                        0.0178156951919443,
                        -0.0019011493702534147
                    ],
                    [
                        0.054877145205922295,
                        -0.9977740503554758,
                        0.0378879601312635,
                        0.011313703630010682
                    ],
                    [
                        0.0,
                        0.0,
                        0.0,
                        1.0
                    ]
                ]
            },
            "sensor_uid": "camera_front"
        }
    ]
}