{
    "sensors": [
        {
            "calib_data": {
                "T_to_ref_COS": [
                    [
                        1.0,
                        0.0,
                        0.0,
                        0.0
                    ],
                    [
                        0.0,
                        1.0,
                        0.0,
                        0.0
                    ],
                    [
                        0.0,
                        0.0,
                        1.0,
                        0.0
                    ],
                    [
                        0.0,
                        0.0,
                        0.0,
                        1.0
                    ]
                ]
            },
            "sensor_uid": "radar_6455"
        },
        {
            "calib_data": {
                "T_to_ref_COS": [
                    [
                        0.99824037,
                        0.05472491,
                        -0.02283254,
                        -0.13168471359465322
                    ],
                    [
                        -0.05387073,
                        0.99788117,
                        0.03648398,
                        0.0704391175219324
                    ],
                    [
                        0.02478074,
                        -0.03518979,
                        0.99907338,
                        0.2114596218721436
                    ],
                    [
                        0.0,
                        0.0,
                        0.0,
                        1.0
                    ]
                ]
            },
            "sensor_uid": "lidar_vlp16"
        },
        {
            "calib_data": {
                "K": [
                    [
                        1817.98103,
                        0.0,
                        1040.27484
                    ],
                    [
                        0.0,
                        1816.83987,
                        319.497539
                    ],
                    [
                        0.0,
                        0.0,
                        1.0
                    ]
                ],
                "T_to_ref_COS": [
                    [
                        0.011148441173431597,
                        0.0274720233156318,
                        0.9995603905306198,
                        -0.05270460242100225
                    ],
                    [
                        -0.9995095746182068,
                        -0.0289470806803238,
                        0.011943463843112094,
                        0.04909759350818641
                    ],
                    [
                        0.029262473751540397,
                        -0.9992033754812922,
                        0.027135827133190498,
                        0.10020227800518446
                    ],
                    [
                        0.0,
                        0.0,
                        0.0,
                        1.0
                    ]
                ]
            },
            "sensor_uid": "camera_front"
        }
    ]
}